JN,PICKUP,1,2,3,4,5,6,7,8,9,0,JR6,JD1
1980-1,,JM1HQE,JF2QXA,JG3UMQ,JR4LKJ,JH5IXB,JE6LUQ,JR7OZX,JH8SKT,JH9BDM,JH0PEM,JR6UMZ,
1980-2,,JM1HQE,JF2RVV,JG3VKN,JR4LRL,JH5JJX,JE6MDJ,JR7OZX,JH8SRP,JH9BFY,JH0PKQ,JR6UPU,
1980-3,,JM1KEL,JF2SVV,JG3WWA,JR4LRL,JH5JTD,JE6MQJ,JR7QEZ,JH8SXJ,JH9BJS,JH0PVP,JR6UJY,
1980-4,,JM1LZK,JF2UQY,JG3XTF,JR4MUF,JH5JYQ,JE6NKA,JR7QMZ,JH8TKJ,JH9BJS,JH0PYC,JR6URF,
1980-5,,JM1NVF,JF2VDA,JI3AZX,JR4MUF,JH5JYQ,JE6OKV,JR7SPC,JH8UIZ,JH9BJS,JH0QCL,JR6UUV,
1980-6,,JM1RDU,JF2VTJ,JI3AZX,JR4OMD,JA5SQP,JE6PZM,JR7QEZ,JH8UXD,JH9CJZ,JH0RBK,JR6UUV,
1980-7,,JM1RUW,JF2UTJ,JI3AZX,JR4OAQ,JH5KWO,JE6PJA,JR7SUS,JH8VDB,JH9CJZ,JH0RBK,JR6UUV,
1980-8,,JM1RUW,JF2XYH,JI3DRS,JR4OTT,JH5LDB,JE6QYM,JR7TWG,JH8VGN,JH9COV,JH0RHA,JR6UUV,
1980-9,,JM1SYI,JF2XYH,JI3FAL,JR4OTT,JH5LKR,JE6RDY,JR7UAI,JH8VRI,JH9CTG,JH0RNJ,JR6UUV,
1980-10,,JM1VCF,JG2BBH,JI3FLH,JR4PEB,JH5LKR,JE6RZR,JR7URM,JH8VRI,JH9CVE,JH0RRB,JR6UUV,
1980-11,,JN1GKP,JG2BGP,JI3GUH,JR4QKI,JH5LXP,JE6SFH,JR7VGC,JH8WJK,JH9DHR,JH0SIA,JR6UUV,
1980-12,,JN1FBY,JG2EAC,JI3HLC,JR4QKI,JH5LXP,JE6TSE,JR7VQR,JH8WJK,JH9DOR,JH0AQH,JR6UUV,
1981-1,,JN1HGT,JG2EAG,JI3ILT,JR4QKI,JH5MSF,JE6UCL,JR7VQR,JH8XNO,JH9DOR,JH0SYQ,JR6VJK,
1981-2,,JN1ILU,JG2FVK,JI3LWW,JR4RSE,JH5NMA,JE6UYT,JR7XJT,JR8AFC,JH9EAC,JH0TGT,JR6VJK,
1981-3,,JN1KDJ,JG2HQN,JI3MOU,JR4SRL,JH5NMA,JE6VPT,JR7XHM,JR8AHJ,JH9EFF,JH0TNH,JR6VJK,
1981-4,,JN1KDJ,JG2INN,JI3NPC,JR4SRL,JH5NRL,JE6WBA,JE7ADJ,JR8APG,JH9EFF,JH0TQV,JR6VJK,
1981-5,,JN1PQW,JG2IRL,JI3NVQ,JR4ULE,JH5OAL,JE6XHI,JE7ATZ,JR8BEA,JH9ESP,JH0URU,JR6VJK,
1981-7,,JN1SPD,JG2IRL,JI3RFG,JR4UTY,JH5OWK,JF6AWQ,JE7EMY,JR8CVN,JH9FED,JH0VFR,JR6VRT,
1981-8,,JN1SYD,JG2NEA,JI3STL,JR4VPL,JH5PHG,JF6BHT,JE7FCG,JR8DBL,JH9FGD,JH0VKR,JR6VRT,
1981-10,,JO1ACZ,JG2NTW,JI3STL,JR4VPL,JH5PHG,JF6CLZ,JE7GQD,JR8DGZ,JH9FNY,JH0VRG,JR6VRT,
1981-11,,JO1BUJ,JG2OWW,JI3STL,JR4VPY,JH5PWV,JF6CSL,JE7HTK,JR8DTS,JH9FQC,JH0VUA,JR6VRT,
1981-12,,JO1DGF,JG2OLP,JI3STL,JR4VPL,JH5PWV,JF6CXD,JE7ITW,JR8ENJ,JH9FSK,JH0WCT,JR6VRT,
1982-1,,JO1FNF,JG2OLP,JJ3BNX,JR4XNZ,JH5PWV,JF6FCV,JE7JAS,JR8FQZ,JH9GIM,JH0WPP,JR6VRT,
1982-2,,JO1GDT,JG2RKY,JJ3DHK,JE4AVA,JH5SAZ,JF6GDO,JE7KHE,JR8GER,JH9GMH,JH0WVY,JR6VRT,
1982-5,,JO1NRV,JG2USY,JJ3IFT,JE4DOT,JH5SZY,JF6JQH,JE7MQY,JR8HXZ,JH9HIX,JR0ASS,JR6VRT,
1982-6,,JO1QNG,JG2VTL,JJ3IFT,JE4EDZ,JH5TTV,JF6JQH,JE7NZB,JR8IIL,JH9HUS,JR0BJB,JR6VRT,
1982-7,,JO1TGQ,JG2VTL,JJ3LCG,JE4ETE,JH5TTV,JF6LIP,JE7ODZ,JR8IIL,JH9HUS,JR0BJB,JR6VRT,
1982-8,,JO1UTX,JI2BER,JJ3LCG,JE4EZK,JH5TTV,JF6LYN,JE7OWH,JR8JRL,JH9HRI,JR0CCY,JR6WOH,
1982-9,,JO1VQZ,JI2BZC,JJ3LCG,JE4FHH,JH5TTV,JF6MRI,JE7POA,JR8KIN,JH9IEX,JR0CLJ,JR6WOH,
1982-10,,JO1XVU,JI2EEK,JJ3SRQ,JE4FHH,JH5VME,JF6MRI,JE7POA,JR8KIN,JH9IEX,JR0CQF,JR6WOH,
1982-11,,JP1BSX,JI2FCW,JJ3WLJ,JE4GAM,JH5VPN,JF6NSZ,JE7QYG,JR8KIN,JH9IEX,JR0DAJ,JR6RZY,
1982-12,,JP1DJA,JI2FMQ,JJ3XBF,JE4GOX,JH5WJP,JF6NXO,JE7SBY,JR8KIN,JH9IEX,JR0DRD,JR6XDD,
1983-1,,JP1EHW,JI2HHC,JK3AOC,JE4GOX,JH5WWW,JF6NXO,JE7SPP,JR8MDB,JH9JJD,JR0DYB,JR6XDD,
1983-3,,JP1HYD,JI2JEB,JK3CQS,JE4ISY,JH5XMN,JF6QUV,JE7UAN,JR8NPS,JH9JLK,JR0EMV,JR6XFQ,
1983-4,,JP1LDJ,JI2KXJ,JK3EXI,JE4JQS,JH5XMN,JF6SDN,JE7VGZ,JR8NPS,JH9KBZ,JR0ETX,JR6XIV,
1983-5,,JP1MSK,JI2LRT,JK3IXB,JE4KAN,JR5ALJ,JF6SYY,JE7WOY,JR8NPS,JH9KBZ,JR0FSO,JR6XJM,
1983-6,,JP1OOL,JI2NCV,JK3IXB,JE4LZJ,JR5BDO,JF6TDR,JE7XJO,JR8NPS,JH9KTH,JR0FSO,JR6XME,
1983-7,,JP1PZW,JI2NTO,JK3JVP,JE4LZJ,JR5BDO,JF6UXX,JF7AAL,JR8QNT,JH9KTH,JR0FXB,JR6XME,
1983-8,,JP1QHU,JI2PWU,JK3OAR,JE4MBJ,JR5BDO,JF6VNT,JF7AOQ,JR8QNT,JH9KTH,JR0GMA,JR6XQZ,
1983-9,,JP1TDW,JI2RFQ,JK3QPM,JE4MLW,JR5CYS,JF6WSI,JF7AYB,JR8QNT,JH9KTH,JR0GPF,JR6XQZ,
1983-10,,JP1UHD,JI2SQF,JK3SWH,JE4MMB,JR5DAO,JF6WXO,JF7BIB,JR8SDL,JH9LCR,JR0HBC,JR6XQZ,
1983-11,,JP1VSL,JI2UED,JK3UAO,JE4NLH,JR5DMN,JF6XOX,JF7COJ,JR8UCS,JH9LKU,JR0HNW,JR6XVB,
1983-12,,JP1WUZ,JI2UPN,JK3WWY,JE4OFA,JR5DMN,JG6ARF,JF7DLY,JR8UCS,JH9LKU,JR0HXC,JR6XVB,
1984-1,,JQ1BJT,JI2VWL,JL3BCZ,JE4OOD,JR5EKB,JG6CDR,JF7DRH,JR8UCS,JH9LKU,JR0ICI,JR6XXB,
1984-2,,JQ1DCD,JI2XBR,JL3BCZ,JE4PQD,JR5EZC,JG6DIR,JF7ERQ,JR8VDH,JH9MHI,JR0IRX,JS6AAE,
1984-3,,JQ1EJH,JJ2AHP,JL3FAN,JE4PQD,JR5FRK,JG6EEA,JF7GAS,JR8VDH,JH9MTL,JR0JHM,JS6ABF,
1984-4,,JQ1GNN,JJ2AHP,JL3GYP,JE4QDL,JR5FZY,JG6FFZ,JF7GJY,JR8VDH,JH9MWV,JR0JRE,JS6ABF,
1984-5,,JQ1ITS,JJ2BBS,JL3IUR,JE4SBG,JR5GQR,JG6FUU,JF7HIN,JR8VDH,JH9MWV,JR0JRE,JS6ACG,
1984-6,,JQ1KES,JJ2DPD,JL3LCC,JE4TQX,JR5HPE,JG6HMA,JF7ISU,JE8AVE,JH9NNR,JR0JRE,JS6AHC,
1984-7,,JQ1LNZ,JJ2EIV,JL3LWW,JE4TQX,JR5HTG,JG6HUW,JF7JFV,JE8BGO,JH9OBJ,JR0KRG,JS6AJD,
1984-8,,JQ1MYI,JJ2ETT,JL3NFY,JE4UBF,JR5HTG,JG6IBU,JF7JTJ,JE8BMG,JH9OBJ,JR0KRG,JS6AKE,
1984-9,,JQ1OQG,JJ2FHW,JL3RDJ,JE4VMV,JR5IPE,JG6IIM,JF7KCV,JE8BSP,JH9OGP,JR0KUL,JS6AKE,
1984-10,,JQ1QMA,JJ2GIT,JL3TFS,JE4VVK,JR5JBJ,JG6IRN,JF7LCP,JE8CIP,JH9OGP,JR0LQE,JS6ANF,
1984-11,,JQ1TST,JJ2GWE,JL3VZU,JE4WNE,JR5JIH,JG6KAW,JF7MHM,JE8DOQ,JH9OTQ,JR0LSW,JS6AOE,
1984-12,,JQ1UWX,JJ2JJQ,JL3XPT,JE4WNE,JR5JIG,JG6LFT,JF7MWH,JE8EFN,JH9PDA,JR0LZD,JS6APK,
1985-1,,JQ1XDM,JJ2KPB,JM3BKY,JE4XMX,JR5KAU,JG6LSQ,JF7NPO,JE8FPQ,JH9PEF,JR0MNC,JS6ARB,
1985-2,,JS1ARB,JJ2KXG,JM3DYZ,JF4AIN,JR5LLE,JG6MNL,JF7OPK,JE8FPQ,JH9PUI,JR0NJN,JS6AVA,
1985-3,,JS1CWX,JJ2NBZ,JM3EUH,JF4BGU,JR5LXM,JG6PDC,JF7PRC,JE8GSL,JH9QIV,JR0NVS,JS6AWI,
1985-4,,JS1GIY,JJ2OWI,JM3HWK,JF4CHP,JR5MYC,JG6QEJ,JF7QPD,JE8HWI,JH9RAB,JR0ONV,JS6BBK,
1985-5,,JS1HLX,JJ2PQZ,JM3JLR,JF4CHP,JR5NBR,JG6RFR,JF7RNT,JE8HWI,JH9RKH,JR0PHU,JS6BBK,
1985-6,,JS1JRZ,JJ2RHO,JM3KPH,JF4EVM,JR5NFN,JG6SVP,JF7SQW,JE8IVJ,JH9RSA,JR0PNK,JS6BDX,
1985-7,,JS1LNV,JJ2SEU,JM3LLW,JF4FDW,JR5NWC,JG6TNR,JF7UCQ,JE8IVJ,JH9RTX,JR0PUX,JS6BFU,
1985-8,,JS1OBN,JJ2SYQ,JM3MGW,JF4FKJ,JR5ODV,JG6UFI,JF7ULN,JE8JON,JH9RTX,JR0PYH,JS6BGK,
1985-9,,JS1PXD,JJ2TVR,JM3PVV,JF4FKJ,JR5OLM,JG6VLS,JF7WCY,JE8KBJ,JH9SGW,JR0QWD,JS6BGK,
1985-10,,JS1RRY,JJ2UXB,JM3RNC,JF4HGN,JR5PIG,JG6VYJ,JF7WOB,JE8LDF,JH9SJP,JR0RFY,JS6BJH,
1985-11,,JS1UEH,JJ2WNX,JM3TLF,JF4GYV,JR5PPM,JG6WKZ,JF7WZZ,JE8LJF,JH9SRW,JR0RTX,JS6BLJ,
1985-12,,JS1VHH,JJ2XGZ,JM3UQL,JF4HST,JR5QDH,JG6XQA,JF7XRM,JE8LXD,JH9SYU,JR0SBA,JS6BMI,
1986-1,,JS1XKH,JJ2XYB,JM3UVC,JF4HTZ,JR5REM,JG6XSK,JG7APG,JE8MWP,JH9TCP,JR0SDI,JS6BQJ,
1986-2,,JE1FJN,JK2AQK,JM3UVC,JF4IMW,JR5RUV,JI6BEM,JG7BJA,JE8NKM,JH9TXM,JR0TCE,JS6BQG,
1986-3,,JE1IQI,JK2DYK,JN3BRJ,JF4JPI,JR5SWT,JI6BNX,JG7CXK,JE8NSL,JH9TXM,JR0TYB,JS6BUJ,
1986-4,,JE1LSG,JK2GDF,JN3GHU,JF4LUC,JR5TTN,JI6BZW,JG7DXT,JE8ORN,JH9UJK,JR0UWG,JS6BXY,
1986-5,,JE1QXI,JK2HDX,JN3HMY,JF4MJM,JR5UAF,JI6DMV,JG7EQH,JE8PLY,JH9UPT,JR0VDJ,JS6BZJ,
1986-6,,JE1TDY,JK2ICP,JN3IUE,JF4MUX,JR5ULD,JI6GQT,JG7FCB,JE8QCT,JH9UUI,JR0VMA,JS6BZQ,
1986-7,,JE1VTX,JK2JDO,JN3JWI,JF4NVS,JR5UZN,JI6GQT,JG7FYF,JE8QON,JH9VAC,JR0VRI,JS6CCE,
1986-8,,JF1CGC,JK2KLK,JN3MHC,JF4PPN,JR5VBQ,JI6HNN,JG7GRD,JE8RFH,JH9VJF,JR0WHZ,JS6CDJ,
1986-9,,JF1FZX,JK2LGR,JN3MHC,JF4QJF,JR5WJR,JI6HRV,JG7HMV,JE8RTD,JH9VJF,JR0XBC,JS6CEX,
1986-10,,JF1JAH,JK2MZB,JN3QEN,JF4QLQ,JR5WWF,JI6JHQ,JG7IGF,JE8RYI,JH9VPP,JR0XEV,JS6CEY,
1986-11,,JF1LLB,JK2OKR,JN3RDA,JF4SAP,JR5XCW,JI6LEK,JG7IVO,JE8TIN,JH9VVR,JR0XPJ,JS6CGI,
1986-12,,JF1RNL,JK2PLI,JN3SAA,JF4SQE,JR5XIQ,JI6LMP,JG7JIZ,JE8UHA,JH9WHX,JR0XST,JS6CJU,
1987-1,,JF1VLP,JK2QPK,JN3UNJ,JF4UNI,JR5XXD,JI6NDJ,JG7JZC,JE8UQA,JH9WKT,JE0ALK,JS6CLZ,
1987-2,,JG1AXJ,JK2SPT,JN3WLI,JF4UNI,JE5AUO,JI6NNE,JG7KTF,JE8UZE,JH9WJT,JE0AYQ,JS6CMA,
1987-3,,JG1EUB,JK2UOL,JN3XDJ,JF4UNI,JE5BMA,JI6PPZ,JG7MLZ,JE8UZE,JH9XDR,JE0BVJ,JS6CQP,
1987-4,,JG1IID,JK2UOL,JO3BNX,JF4WPV,JE5CNY,JI6QOO,JG7NPT,JE8WIM,JH9XLA,JE0CSS,JS6CST,
1987-5,,JG1LDQ,JK2VZE,JO3EEL,JF4WPV,JE5DDW,JI6RRZ,JG7OZK,JE8XBV,JH9XPJ,JE0DHJ,JS6CST,
1987-6,,JG1OJK,JL2BTR,JO3FCR,JF4XWU,JE5DIP,JI6STN,JG7OZY,JE8XRZ,JH9XZX,JE0DRG,JS6CZM,
1987-7,,JG1SAP,JL2BTX,JO3FWF,JF4XWU,JE5EAQ,JI6UMU,JG7POQ,JE8XUX,JR9ACQ,JE0DUG,JS6CZM,
1987-8,,JG1XGC,JL2CVM,JO3HJU,JG4AUC,JE5EWB,JI6WRZ,JG7QYL,JF8CFG,JR9AOP,JE0EGI,JS6DDN,
1987-9,,JH1DLS,JL2FVL,JO3IRY,JG4BLR,JE5FZE,JJ6AGS,JG7TBP,JF8DEG,JR9BCB,JE0FDD,JS6DDN,
1987-10,,JH1HNQ,JL2HTY,JO3MKP,JG4GFC,JE5HCK,JJ6BKW,JG7TBS,JF8EIL,JR9BRU,JE0FYB,JS6DDN,
1987-11,,JH1LQK,JL2LWI,JO3NFW,JG4GFC,JE5HQQ,JJ6EYK,JG7UVN,JF8FAX,JR9CBK,JE0GEX,JS6DLP,
1987-12,,JH1RIT,JL2LVC,JO3OVM,JG4JFT,JE5IHU,JJ6HCN,JG7VWP,JF8FTY,JR9COY,JE0HDQ,JS6DLP,
1988-1,,JH1WGM,JL2NTO,JO3RYU,JG4KZG,JE5JMH,JJ6KZA,JI7ATG,JF8HSI,JR9DAM,JE0HTO,JS6DPU,
1988-2,,JI1CNB,JL2PFW,JO3SKL,JG4LNQ,JE5KOI,JJ6KHP,JI7CFL,JF8HXT,JR9DCK,JE0JBA,JS6DUP,
1988-3,,JI1HWJ,JL2SYU,JO3VUS,JG4NOL,JE5LQI,JJ6MVX,JI7DLN,JF8IOM,JR9DLR,JE0KEL,JS6DWL,
1988-4,,JI1KRS,JL2TXC,JO3XGY,JG4NZC,JE5LYV,JJ6OYY,JI7EYQ,JF8JSP,JR9ECQ,JE0KXD,JS6DWL,
1988-5,,JI1QKT,JL2WID,JP3BRR,JG4QBI,JE5NHP,JJ6QQX,JI7GLC,JF8LBR,JR9EUB,JE0LQZ,JS6EDQ,
1988-6,,JI1URB,JL2XPL,JP3DWJ,JG4QMU,JE5NVR,JJ6TWK,JI7HAJ,JF8LQG,JR9FCO,JE0MAN,JS6EGK,
1988-7,,JJ1AEN,JM2ADF,JP3EKA,JG4SCE,JE5OMR,JJ6UZD,JI7IEE,JF8MBD,JR9FEP,JE0MLB,JS6EIB,
1988-8,,JJ1FXK,JM2DAB,JP3GER,JG4SZT,JE5OYU,JJ6WHQ,JI7IWP,JF8OQJ,JR9FTZ,JE0MYH,JS6EJQ,
1988-9,,JJ1MQY,JM2FCS,JP3IMK,JG4UVO,JE5QCK,JJ6XTU,JI7KEO,JF8QKG,JR9GEV,JE0OBD,JS6EJQ,
1988-10,,JJ1SPV,JM2HMI,JP3LDD,JG4WJG,JE5RGN,JK6AXO,JI7LGC,JF8RPO,JR9GOR,JE0OSY,JS6EPH,
1988-11,,JJIXSL,JM2IGS,JP3MFS,JG4WUL,JE5RZC,JK6DWV,JI7MXW,JF8RTO,JR9GRX,JE0PJM,JS6EST,
1988-12,,JK1GFH,JM2KAY,JP3ORI,JG4XZC,JE5SWI,JK6GJM,JI7NTP,JF8SSS,JR9HEP,JE0QDD,JS6EST,
1989-1,,JK1MQD,JM2LMW,JP3RIP,JI4BDF,JE5TLQ,JK6HAU,JI7PNA,JF8TSO,JR9HOG,JE0RGJ,JS6FBJ,
1989-2,,JK1QOD,JM2MXM,JP3SJQ,JI4DDG,JE5UYA,JK6JLD,JI7QLV,JF8UQD,JR9IBC,JE0SKJ,JS6FBJ,
1989-3,,JL1CEL,JM2QBD,JP3SXF,JI4EED,JE5WRV,JK6NMK,JI7SXE,JE8VTP,JR9IDK,JE0TAX,JS6FHW,
1989-4,,JL1KWC,JM2RTM,JP3UWS,JI4FGJ,JE5XNI,JK6OFT,JI7TOH,JF8VTL,JR9IDI,JE0UMX,JS6FIG,
1989-5,,JL1XBV,JM2WSS,JQ3AIU,JI4GZS,JF5AHD,JK6QQY,JI7USN,JF8WYF,JR9JKG,JE0VBQ,JS6FPQ,
1989-6,,JM1ECG,JN2AAE,JQ3BJY,JI4HXE,JF5AOS,JK6RQF,JI7VDW,JF8XRT,JR9JOY,JE0VSK,JS6FQH,
1989-7,,JM1NFO,JN2CST,JQ3CTT,JI4ISO,JF5BFL,JK6SWV,JI7WJE,JG8AUS,JR9JTT,JE0VYJ,JS6FQH,
1989-8,,JN1BBO,JN2DHB,JQ3ERN,JI4KCJ,JF5BRO,JK6UAE,JI7WZS,JG8CMA,JR9KAU,JE0WUJ,JS6FSX,
1989-9,,JN1ITW,JN2XEL,JQ3GQV,JI4KXS,JF5CPS,JK6VFK,JI7XWL,JG8DYR,JR9KRC,JE0XGC,JS6FWE,
1989-10,,JN1VBX,JN2GRC,JQ3JAN,JI4LQE,JF5DKC,JK6WVS,JJ7ALI,JG8FEA,JR9LIM,JE0XLT,JS6GAD,
1989-11,,JO1IBP,JN2LNV,JQ3LAN,JI4NVP,JF5DUU,JL6AOK,JJ7BUT,JG8FVU,JR9LPG,JF0BMM,JS6GCY,
1989-12,,JO1OLK,JN2MTR,JQ3MUI,JI4PFV,JF5FCC,JL6CHD,JJ7DVA,JG8GYX,JR9MCH,JF0CMP,JS6GID,
1990-1,,JP1JCX,JN2OBD,JQ3RST,JI4QEZ,JF5GHN,JL6DER,JJ7FCT,JG8IDF,JR9MTB,JF0DSG,JS6GID,
1990-2,,JP1UEG,JN2PMS,JQ3TBN,JI4SEJ,JF5GYF,JL6HLB,JJ7GGL,JG8IKB,JR9NJZ,JF0EFU,JS6GMK,
1990-3,,JQ1JWX,JN2WCZ,JQ3UEO,JI4SOM,JF5HSS,JL6JXC,JJ7HKZ,JG8JLI,JR9NRN,JF0FMO,JS6GRJ,
1990-4,,JR1GFP,JO2DXP,JQ3WMV,JI4TQF,JF5INW,JL6KLA,JJ7ITG,JG8KVC,JR9NRN,JF0GGW,JS6GUX,
1990-5,,JR1ORV,JO2DXP,JS3AFP,JI4UMG,JF5JLB,JL6KLA,JJ7JTX,JG8LLG,JR9OVI,JF0HKI,JS6GUX,
1990-6,,JR1WBV,JO2HNQ,JS3BRI,JI4XNG,JF5KAW,JL6OXM,JJ7MEY,JG8MOU,JR9PAV,JF0IUK,JS6HDD,
1990-7,,7K1GZY,JO2IAA,JS3DKU,JJ4ADK,JF5KQY,JL6PMI,JJ7NQM,JG8MYO,JR9PGX,JF0JBJ,JS6HUE,
1990-8,,7K1NAT,JO2MTX,JS3GTP,JJ4DJY,JF5LOG,JL6QEA,JJ7OYA,JG8NUX,JR9PRX,JF0KFK,JS6HIE,
1990-9,,7K1RXI,JO2NLL,JS3HRU,JJ4EQI,JF5MAX,JL6RBX,JJ7POG,JG8PIY,JR9QKQ,JF0KXW,JS6HLC,
1990-10,,7K1WMK,JO2QGZ,JS3JWC,JJ4GAM,JF5NCH,JL6SDL,JJ7PSP,JG8PUJ,JR9RFU,JF0MFO,JS6HLS,
1990-11,,7L1DPY,JO2TJW,JS3LOH,JJ4HLQ,JF5NXL,JL6TLK,JJ7SFS,JG8QPE,JR9RMJ,JF0MFO,JS6HSJ,
1990-12,,7L1IEA,JO2ULM,JS3LUH,JJ4HVG,JF5OMY,JL6VQU,JJ7STC,JG8RIT,JR9RXF,JF0NKA,JS6HSL,
1991-1,,7L1PMJ,JO2VWJ,JS3NXM,JJ4JRV,JF5PNZ,JL6VQU,JJ7ULR,JG8SNP,JR9SFY,JF0OVR,JS6HUB,
1991-2,,7L1UPA,JO2VWJ,JS3RYS,JJ4KRD,JF5QMK,JM6AHK,JJ7WGR,JG8SNP,JR9SZW,JF0QBK,JS6HXW,
1991-3,,7M1BWD,JP2GQJ,JS3UET,JJ4LVC,JF5RSQ,JM6AHK,JJ7XMQ,JG8TIP,JR9TMX,JF0RBE,JS6HZQ,
1991-4,,7M1JNL,JP2MDA,JS3VWR,JJ4MAR,JF5SUH,JM6ERF,JK7APD,JG8TRR,JR9UNB,JF0RBE,JS6IEV,
1991-5,,7M1NYX,JP2MDA,JE3ATR,JJ4NXA,JF5TLJ,JM6HIL,JK7CJB,JG8WGS,JR9UVE,JF0TQC,JS6IGD,
1991-6,,7M1SJH,JP2PJO,JE3CNF,JJ4NXA,JF5TTL,JM6JDG,JK7DWV,JG8WUU,JR9UYY,JF0UEV,JS6IJG,
1991-7,,7M1VJW,JP2TOL,JE3DYT,JJ4NXA,JF5UCP,JM6JDG,JK7EFV,JG8XOP,JR9VNA,JF0UEV,JS6IJQ,
1991-8,,7N1EXA,JP2TOL,JE3JMJ,JJ4PPQ,JF5USP,JM6KQI,JK7GFW,JI8AYC,JR9VRD,JF0VPA,JS6IPN,
1991-9,,7N1IVD,JQ2AGB,JE3LVI,JJ4PPQ,JF5VJD,JM6MZD,JK7GVC,JI8BLU,JR9VYK,JF0VYP,JS6IRR,
1991-10,,7N1PFN,JQ2BOJ,JE3PNM,JJ4PPQ,JF5WMP,JM6MZD,JK7HQS,JI8DAV,JR9WUO,JF0VYP,JS6ITC,
1991-11,,7N1UNX,JQ2GHV,JE3UCY,JJ4WCX,JF5WUH,JM6ORV,JK7JOE,JI8DGJ,JR9XRP,JG0APW,JS6IVC,
1991-12,,7K2COR,JQ2JBX,JE3XGI,JJ4WCX,JF5XTL,JM6QKM,JK7KYT,JI8DIU,JR9XZR,JG0BMI,JS6IVC,
1992-1,,7K2HWD,JQ2LZN,JF3DME,JK4DLZ,JG5AVR,JM6SUD,JK7MHQ,JI8EYW,JE9BGR,JG0CLK,JS6IZR,
1992-2,,7K2LOC,JQ2LZN,JF3FBO,JK4DLZ,JG5CHU,JM6VNC,JK7NTN,JI8EYW,JE9BGR,JG0CLK,JS6IZR,
1992-3,,7K2RLK,JQ2VMI,JF3KTE,JK4DLZ,JG5CRV,      ,JK7OSV,JI8GBN,JE9BXA,JG0ELD,JS6IZR,
1992-4,,7L2AVG,JQ2VMI,JF3THN,JK4DLZ,JG5DIS,JN6AJF,JK7QYQ,JI8HRC,JE9CSY,JG0FFX,JS6IZR,
1992-5,,7L2FPS,JQ2VMI,JF3TNL,JK4DLZ,JG5EHQ,JN6CKR,JK7SDV,JI8IMB,JE9CSY,JG0GLG,JS6IZR,
1992-6,,7L2KZJ,JS2ETB,JF3UWG,JK4KEZ,JG5EOU,JN6EAA,JK7SWK,JI8KKQ,JE9DRT,JG0HLU,JS6JOG,
1992-7,,7L2OGE,JS2ETB,JG3CGY,JK4LVC,JG5FGP,JN6EAA,JK7TZS,JI8KHW,JE9DRT,JG0HLU,JS6JOG,
1992-8,,7L2STS,JS2JXM,JG3BSA,JK4LYB,JG5FYJ,JN6FRK,JK7VIY,JI8KTF,JE9DZB,JG0HRG,JS6JOG,
1992-9,,7L2WJC,JS2OYA,JG3HSL,JK4OFZ,JG5GLP,JN6HBO,JK7WLB,JI8LVT,JE9DZB,JG0HRG,JS6JOG,
1992-10,,7M2DTD,JS2QEZ,JG3KVT,JK4QDK,JG5HPF,JN6JCC,JK7WUF,JI8NMR,JE9DZB,JG0KJJ,JS6JOG,
1992-11,,7M2IPH,JS2USH,JG3PSU,JK4QDK,JG5IHV,JN6LCM,JK7XTB,JI8NWE,JE9GGF,JG0LRY,JS6JOG,
1992-12,,7M2OYW,JS2WAE,JG3RKP,JK4TPP,JG5IWG,JN6NEA,JL7BEM,JI8NZS,JE9GGF,JG0MJV,JS6KAR,
1993-1,,7M2TSP,JE2BXG,JG3VIY,JK4UTH,JG5JML,JN6NEA,JL7DFD,JI8PLT,JE9GPJ,JG0NAG,JS6KKZ,
1993-2,,7N2CTM,JE2MZE,JH3DPQ,JK4XKZ,JG5LPF,JN6QVB,JL7GBV,JI8RFS,JE9HZK,JG0ORW,JS6KPJ,
1993-3,,7N2JLM,JE2QBV,JH3GVR,JL4AZV,JG5MKV,JN6RMT,JL7GBV,JI8RKY,JE9INM,JG0PEF,JS6KRB,
1993-4,,7N2MOM,JE2TEK,JH3JEL,JL4CIB,JG5MVT,JN6RNR,JL7GZN,JI8SSQ,JE9JNQ,JG0QBN,JS6KRO,
1993-5,,7N2RXX,JE2XZX,JH3MZA,JL4CNA,JG5NHM,JN6UIR,JL7JJO,JI8SVC,JE9KCL,JG0QPZ,JS6KXX,
1993-6,,7N2VWD,JF2FVA,JH3OZQ,JL4DBI,JG5NOP,JN6USJ,JL7KHD,JI8UNY,JE9KLI,JG0RKN,JS6LCE,
1993-7,,7K3CKN,JF2JLB,JH3SHZ,JL4DQN,JG5OBI,JN6VUT,JL7KSV,JI8VCZ,JE9KRJ,JG0SHR,JS6LCT,
1993-8,,7K3GAF,JF2QPR,JH3VKQ,JL4FEZ,JG5OPC,JN6XUT,JL7LZN,JI8WJB,JE9LJI,JG0TLB,JS6LEN,
1993-9,,7K3JYB,JF2RZC,JH3WSG,JL4FEZ,JG5PEB,JO6ATA,JL7NBI,JI8WWX,JE9LQX,JG0ULD,JS6LHG,
1993-10,,7K3POW,JF2VMR,JI3CAK,JL4HPE,JG5PWC,JO6BDD,JL7OHQ,JI8XPP,JE9LUV,JG0ULJ,JS6LLO,
1993-11,,7K3TGG,JG2ICQ,JI3FAI,JL4IPU,JG5QOT,JO6EZL,JL7OWW,JJ8AQF,JE9MLA,JG0VKQ,JS6LML,
1993-12,,7K3XFM,JG2QCV,JI3IWO,JL4KXD,JG5SGU,JO6GYV,JL7QYE,JJ8BLG,JE9MNZ,JG0WLY,JS6LOL,
1994-1,,7L3CIL,JG2QCV,JI3LYK,JL4KXD,JG5SGU,JO6GYV,JL7SFP,JJ8CSL,JE9NRC,JG0WZI,JS6LOL,
1994-2,,7L3HHI,JG2UJU,JI3QUL,JL4NCF,JG5TVV,JO6JZU,JL7TSE,JJ8EFF,JE9NWX,JG0XLP,JS6LTM,
1994-3,,7L3NZK,JH2CQC,JI3SVX,JL4ORE,JG5UNW,JO6LPL,JL7UKR,JJ8EUC,JE9OKR,JI0AAK,JS6LWV,
1994-4,,7L3QYH,JH2DLQ,JI3WXR,JL4PWO,JG5VEB,JO6NRK,JL7VIN,JJ8GDW,JE9PUB,JI0BIV,JS6MBG,
1994-5,,7L3VIJ,JH2KBF,JI3CWU,JL4RNX,JG5VOJ,JO6PRL,JL7XLS,JJ8GOI,JE9PYQ,JI0CSE,JS6MCT,
1994-6,,7L3XUE,JH2MZG,JI3FZC,JL4RNX,JG5VRU,JO6PRL,JL7XXT,JJ8HNR,JE9PYQ,JI0DMA,JS6MEZ,
1994-7,,7M3DKO,JH2NNA,JJ3IGK,JL4RNX,JG5WSP,JO6QMY,JM7ADS,JJ8IIT,JE9QGH,JI0DXM,JS6MHD,
1994-8,,7M3IFG,JH2RKT,JJ3LZZ,JL4SZR,JG5XJP,JO6SNE,JM7CBO,JJ8JKI,JE9QUS,JI0EMV,JS6MKS,
1994-9,,7M3LQA,JH2XFL,JJ3OMZ,JL4UTZ,JG5XXO,JO6TJK,JM7DNC,JJ8JKI,JE9RQH,JI0FSU,JS6MLM,
1994-10,,7M3PZS,JI2AVP,JJ3UBY,JL4WNH,JI5BED,JO6WMY,JM7DNC,JJ8LTF,JE9SIY,JI0FSU,JS6MNK,
1994-11,,7M3TIM,JI2EZI,JK3ADH,JM4BCW,JI5BWX,JP6AUB,JM7GNC,JJ8MAY,JE9SIY,JI0HSI,JS6MRH,
1994-12,,7M3WRU,JI2LAL,JK3FBP,JM4DPO,JI5CRM,JP6CDO,JM7HVO,JJ8NCL,JE9SSF,JI0JHR,JS6MRI,
1995-1,,7N3CDM,JI2QVL,JK3IBZ,JM4DPO,JI5DGH,JP6ELX,JM7JGD,JJ8OBU,JE9SSF,JI0JHR,JS6MYR,
1995-2,,7N3EVP,JI2RZA,JK3JXG,JM4DPO,JI5EDA,JP6FOA,JM7LZM,JJ8PAB,JE9TTA,JI0JYY,JS6NBW,
1995-3,,7N3JJP,JJ2BPY,JK3OES,JM4FNN,JI5ESY,JP6FXA,JM7MVR,JJ8PYQ,JE9TTA,JI0JYY,JS6NEX,
1995-4,,7N3MNW,JJ2IXE,JK3RHB,JM4GXA,JI5FII,JP6HKU,JM7NFN,JJ8QQJ,JE9ULC,JI0KTK,JS6NFZ,
1995-5,,7N3PYX,JJ2LZS,JK3TTE,JM4IFI,JI5FQU,JP6IUB,JM7OAT,JJ8RUP,JE9UTS,JI0LGE,JS6NHZ,
1995-6,,7N3SEK,JJ2LZS,JK3WCK,JM4IKI,JI5GAO,JP6KJB,JM7PDG,JJ8SKI,JE9UTS,JI0LQM,JS6NMX,
1995-7,,7N3VND,JJ2UQH,JL3BNB,JM4JII,JI5GJF,JP6KOE,JM7QFG,JJ8TWC,JE9UTS,JI0MAY,JS6NOX,
1995-8,,7K4ABG,JK2EFV,JL3EFP,JM4JVH,JI5GRQ,JP6MGR,JM7RNT,JJ8URV,JE9VAO,JI0MKN,JS6NQT,
1995-9,,7K4DIL,JK2GNM,JL3GCY,JM4KGY,JI5HRW,JP6OFW,JM7SVV,JJ8VEH,JE9WNL,JI0MWA,JS6NTV,
1995-10,,7K4GFZ,JK2HTD,JL3HYR,JM4KRU,JI5IAF,JP6OXO,JM7TKK,JJ8WJW,JE9WPQ,JI0NEE,JS6NWP,
1995-11,,7K4JFE,JK2TXC,JL3JYF,JM4MZT,JI5INW,JP6QGD,JM7UNS,JJ8XDR,JE9WZG,JI0ORT,JS6OBS,
1995-12,,7K4LMP,JL2BPH,JL3JYF,JM4NJI,JI5IWI,JP6RBU,JM7VIV,JK8ACB,JE9XJZ,JI0OWJ,JS6OBS,
1996-1,,7K4NDM,JL2GJU,JL3LVX,JM4NLO,JI5IYY,JP6SAA,JM7VOF,JK8ACB,JE9XMN,JI0PFT,JS6OFW,
1996-2,,7K4PWP,JL2OPO,JL3QME,JM4QIG,JI5KIV,JP6UFP,JM7XKI,JK8AUF,JF9ATE,JI0PJT,JS6OKL,
1996-3,,7K4TTJ,JL2WCU,JL3RZE,JM4RCH,JI5LPB,JP6VDA,JN7AFX,JK8CCA,JF9ATE,JI0PJT,JS6OMD,
1996-4,,7K4WDA,JL2XYC,JL3UZW,JM4RTW,JI5MFV,JP6WUJ,JN7BPU,JK8CTX,JF9AXB,JI0RRO,JS6OOU,
1996-5,,7L4ABF,JM2BXG,JL3WEL,JM4SCB,JI5MYZ,JP6XUK,JN7DLL,JK8DLY,JF9BKR,JI0SFT,JS6OSA,
1996-6,,7L4BKT,JM2LEF,JL3XCL,JM4TYD,JI5NFN,JQ6AOJ,JN7DYG,JK8DLY,JF9BKR,JI0SUG,JS6OSS,
1996-7,,7L4CHY,JM2OVH,JM3AGX,JM4UJX,JI5NHZ,JQ6BDN,JN7EEG,JK8EOZ,JF9BKR,JI0SUG,JS6OUI,
1996-8,,7L4GCV,JM2PMN,JM3CIY,JM4UTA,JI5NQZ,JQ6BSU,JN7EQX,JK8FQP,JF9BKR,JI0SWL,JS6OVT,
1996-9,,7L4IOT,JN2AJA,JM3DFG,JM4WKC,JI5NZW,JQ6ECL,JN7FSD,JK8GIO,JF9CML,JI0UGQ,JS6OXS,
1996-10,,7L4KFW,JN2HJB,JM3GBM,JN4AJP,JI5OYM,JQ6GIL,JN7HWS,JK8GYA,JF9CYS,JI0VFO,JS6PAX,
1996-11,,7L4MOC,JN2JLR,JM3HDK,JN4APS,JI5PFB,JQ6GRM,JN7IMH,JK8HMR,JF9DFS,JI0VRO,JS6PBY,
1996-12,,7L4OTG,JN2LZR,JM3ISR,JN4BST,JI5PRI,JQ6IHO,JN7JEZ,JK8IEJ,JF9DNW,JI0WNR,JS6PCU,
1997-1,,7L4QQF,JN2ONJ,JM3JUV,JN4CJA,JI5QFU,JQ6JBJ,JN7KFS,JK8IOW,JF9DQQ,JI0WTR,JS6PDQ,
1997-2,,7L4SAT,JN2PWI,JM3LCW,JN4CLM,JI5QFU,JQ6JLX,JN7KMO,JK8JDQ,JF9DQQ,JI0WTR,JS6PFD,
1997-3,,7L4UKZ,JN2WCW,JM3LWP,JN4DBP,JI5QYT,JQ6KRJ,JN7LTE,JK8JQA,JF9EER,JJ0AAR,JS6PGV,
1997-4,,7L4VRE,JN2WTA,JM3NCL,JN4DTU,JI5RGJ,JQ6KYX,JN7MCK,JK8JWN,JF9EER,JJ0AJC,JS6PGV,
1997-5,,7L4XEA,JO2AJH,JM3OFR,JN4EFN,JI5RKR,JQ6LLU,JN7MOV,JK8KNX,JF9EJO,JJ0AJN,JS6PID,
1997-6,,7M4AWJ,JO2DPA,JM3PGM,JN4EUT,JI5RSC,JQ6MGY,JN7NND,JK8LLX,JF9EQC,JJ0AUV,JS6PIO,
1997-7,,7M4CCQ,JO2FBT,JM3QOA,JN4FHB,JI5RWS,JQ6MXY,JN7NYC,JK8LVQ,JF9ETM,JJ0BGY,JS6PKG,
1997-8,,7M4DJV,JO2GHY,JM3RXN,JN4FSZ,JI5SDQ,JQ6NMU,JN7OND,JK8MNR,JF9EXI,JJ0BQK,JS6PLW,
1997-9,,7M4EJJ,JO2HUJ,JM3SSR,JN4FZW,JI5SJB,JQ6NXF,JN7OVC,JK8MYB,JF9FAD,JJ0BTI,JS6PMJ,
1997-10,,7M4FTI,JO2JQI,JM3TPH,JN4GNG,JI5SPC,JQ6OOB,JN7PLQ,JK8NLB,JF9FGJ,JJ0BZK,JS6PNO,
1997-11,,7M4GUF,JO2LAQ,JM3UKN,JN4GTF,JI5SSY,JQ6OZS,JN7PXB,JK8NSB,JF9FHV,JJ0CFN,JS6POL,
1997-12,,7M4IEI,JO2MQW,JM3VJG,JN4HIG,JI5TBI,JQ6PII,JN7QGD,JK8NZI,JF9FLU,JJ0COO,JS6POS,
1998-1,,7M4IWB,JO2NZR,JM3VYI,JN4HRH,JI5TIG,JQ6PZE,JN7RAI,JK8OLA,JF9FOU,JJ0CZB,JS6PPQ,
1998-2,,7M4JUQ,JO2PPI,JM3WJQ,JN4HXD,JI5TRK,JQ6QLE,JN7RMQ,JK8OWI,JF9FTH,JJ0DEB,JS6PQQ,
1998-3,,7M4KZN,JO2RQT,JM3WZP,JN4IKT,JI5TXX,JQ6RAN,JN7SBM,JK8PFT,JF9FXM,JJ0DKB,JS6PQZ,
1998-4,,7M4LTF,JO2SSH,JM3XOY,JN4ISZ,JI5TZL,JQ6RLH,JN7SLM,JK8NVB,JF9GAG,JJ0DPE,JS6PRL,
1998-5,,7M4MVN,JO2TZX,JN3ACL,JN4IZH,JI5UCT,JQ6RQK,JN7SWG,JK8QAL,JF9GBW,JJ0DUX,JS6PRW,
1998-6,,7M4NLZ,JO2UZL,JN3AUR,JN4JCU,JI5UJE,JQ6SAA,JN7TCO,JK8QQK,JF9GFT,JJ0DYL,JS6PSR,
1998-7,,7M4OKX,JO2VXP,JN3BTI,JN4JLA,JI5UNG,JQ6SNO,JN7TRN,JK8ROW,JF9GKF,JJ0EDB,JS6PTK,
1998-8,,7M4PJS,JO2XCS,JN3CID,JN4JRU,JI5UPJ,JQ6SXU,JN7TYL,JK8RVF,JF9GMX,JJ0EIX,JS6PUH,
1998-9,,7M4QDH,JO2XOU,JN3CVZ,JN4JVB,JI5UTH,JQ6TAU,JN7UEL,JK8RWS,JF9GNU,JJ0EKE,JS6PUV,
1998-10,,7M4QYK,JP2AVZ,JN3DOQ,JN4KEX,JI5UWU,JQ6TNP,JN7UNB,JK8SGP,JF9GSX,JJ0EPG,JS6PVQ,
1998-11,,7M1SED,JP2CAM,JN3ECG,JN4KKC,JI5VCF,JQ6TZZ,JN7USD,JK8SPK,JF9GUS,JJ0ETS,JS6PWX,
1998-12,,7M4TEK,JP2DIU,JN3EOS,JN4KUC,JI5VGO,JQ6UPK,JN7UZQ,JK8SXA,JF9GYS,JJ0EWM,JS6PXN,
1999-1,,7M4TYK,JP2EGG,JN3FGR,JN4KXI,JI5VJE,JQ6VKJ,JN7VJX,JK8TCA,JF9HAC,JJ0EZW,JS6PXT,
1999-2,,7M4UQM,JP2FBA,JN3FVA,JN4KZZ,JI5VLS,JQ6VYR,JN7VTL,JK8TIM,JF9HCP,JJ0FCL,JS6PYK,
1999-3,,7M4VMC,JP2FUN,JN3GOT,JN4LJZ,JI5VQF,JQ6WKV,JN7WCU,JK8TPK,JF9HGL,JJ0FFW,JS6PYY,
1999-4,,7M4WFA,JP2GRM,JN3HAB,JN4LNK,JI5VTM,JQ6WSN,JN7WKU,JK8TTA,JF9HIM,JJ0FLH,JS6PZG,
1999-5,,7M4WRK,JP2HPZ,JN3HLW,JN4LQR,JI5VVT,JQ6WWR,JN7WTE,JK8UIN,JF9HJY,JJ0FOG,JS6QAE,
1999-6,,7M4XEM,JP2IDB,JN3HTK,JN4LRM,JI5VZK,JQ6XCF,JN7XCI,JK8UKW,JF9HLM,JJ0FSO,JS6QAM,
1999-7,,7N4ALP,JP2JEC,JN3IOV,JN4LUW,JI5WDC,JQ6XHB,JN7XQF,JK8VBT,JF9HPO,JJ0FXK,JS6QBK,
1999-8,,7N4BHN,JP2KDL,JN3JBD,JN4MCL,JI5WIG,JQ6XRE,JN7XYS,JK8VIH,JF9HSV,JJ0GBD,JS6QBQ,
1999-9,,7N4CDR,JP2KTD,JN3JMN,JN4MHK,JI5WMM,JA6ACU,JO7AFS,JK8VNR,JF9HUP,JJ0GGK,JS6QCL,
1999-10,,7N4DAA,JP2LLW,JN3KEN,JN4MKZ,JI5WOH,JA6AVN,JO7ARL,JK8VUP,JF9HWQ,JJ0GLF,JS6QCV,
1999-11,,7N4DMM,JP2MKY,JN3KNU,JN4MUM,JI5WSK,JA6BLQ,JO7AYZ,JK8VZP,JF9HZX,JJ0GQJ,JS6QDJ,
1999-12,,7N4ERL,JP2NGV,JN3KYV,JN4NCR,JI5WVA,JA6CGL,JO7BGT,JK8WDY,JF9IDF,JJ0GVE,JS6QDJ,
2000-1,,7N4FHB,JP2NSU,JN3LHG,JN4NFT,JI5XAG,JA6DDD,JO7BSK,JK8WJZ,JF9IET,JJ0GXN,JS6QDY,
2000-2,,7N4FZZ,JP2OBX,JN3LRZ,JN4NJF,JI5XDB,JA6DLY,JO7BWU,JK8WQH,JF9IGD,JJ0HAA,JS6QEW,
2000-3,,7N4HDM,JP2PAB,JN3MKX,JN4NNL,JI5XGN,JA6EAJ,JO7CGX,JK8WXI,JF9IJK,JJ0HIH,JS6QFD,
2000-4,,7N4HPO,JP2POZ,JN3MVO,JN4NPN,JI5XHQ,JA6FHW,JO7CMN,JK8XCH,JF9ILY,JJ0HKJ,JS6QFL,
2000-5,,7N4ICH,JP2QDD,JN3NEY,JN4NTR,JI5XNM,JA6ERW,JO7CUT,JK8XLY,JF9IND,JJ0HOJ,JS6QFO,
2000-6,,7N4INQ,JP2QNX,JN3NSV,JN4NYM,JI5XRC,JA6FGO,JO7CZY,JK8XTY,JF9IPS,JJ0HSB,JS6QFU,
2000-7,,7N4JEN,JP2RCI,JN3OEP,JN4OEN,JI5XUB,JA6FRI,JO7DGX,JL8ADK,JF9IQI,JJ0HUA,JS6QFY,
2000-8,,7N4JVF,JP2ROG,JN3OQA,JN4OIC,JI5XWN,JA6GBZ,JO7DJT,JL8AIW,JF9IRM,JJ0HWH,JS6QFZ,
2000-10,,7N4LCY,JP2STV,JN3PFD,JN4OOB,JI5ABY,JA6GWQ,JO7DVR,JL8ATL,JF9IVS,JJ0IDM,JS6QHI,
2000-11,,7N4LRC,JP2TLA,JN3PVL,JN4OVN,JJ5ACW,JA6HHJ,JO7EBL,JL8AWH,JF9IWK,JJ0IFC,JS6QIK,
2000-12,,7N4MDH,JP2UFL,JN3QHG,JN4OZU,JJ5AHA,JA6HVO,JO7EHT,JL8BCD,JF9IXZ,JJ0IHC,JS6QIP,
2001-1,2000-11-27,7N4MPN,JP2UNF,JN3QLZ,JN4PAX,JJ5AIB,JA6IAM,JO7ELO,JL8BFH,JF9IYQ,JJ0IHZ,JS6QIU, 
2001-3,2001-02-01,7N4NKT,JP2VMY,JN3REY,JN4PLC,JJ5ALQ,JA6ITX,JO7EYF,JL8BPI,JF9JCJ,JJ0INM,JS6QJZ, 
2001-4,2001-03-09,7N4NYV,JP2WIO,JN3RSK,JN4POJ,JJ5ANL,JA6JBO,JO7FCS,JL8BTF,JF9JEO,JJ0IPV,JS6QKO, 
2001-5, , , , , , , , , , , , , 
2001-7,2001-05-23,7N4OVB,JP2WXY,JN3SJY,JN4PTQ,JJ5AUF,JA6JOF,JO7FPT,JL8CGF,JF9JHZ,JJ0IWK,JS6QLF, 
2001-8,2001-06-28,7N4PIC,JP2XLT,JN3SYZ,JN4PXP,JJ5AWJ,JA6KGM,JO7FSD,JL8COS,JF9JJL,JJ0IYC,JS6QLQ, 
2001-9,2001-07-27,7N4PVQ,JP2XYJ,JN3TIJ,JN4PZX,JJ5AZW,JA6KNA,JO7FYF,JL8CVI,JF9JKI,JJ0IZG,JS6QLY, 
2001-11,2001-09-26,7N4QMQ,JQ2AOE,JN3UAZ,JN4QFV,JJ5BCH,JA6KZR,JO7GHE,JL8DGI,JF9JMZ,JJ0JDS,JS6QMQ, 
2001-12,2001-10-25,7N4QZQ,JQ2BDK,JN3UKP,JN4QJH,JJ5BDF,JA6LGG,JO7GML,JL8DMX,JF9JNS,JJ0JFU,JS6QMY, 
2002-1,2001-11-29,7N4RLY,JQ2CBS,JN3UUO,JN4QOH,JJ5BGB,JA6LOS,JO7GSM,JL8DTU,JF9JPA,JJ0JHP,JS6QNM, 
2002-3,2002-01-31,7N4SEP,JQ2DEZ,JN3VEC,JN4QXR,JJ5BKP,JA6LXN,JO7GYG,JL8EEM,JF9JSK,JJ0JKO,JS6QNY, 
2002-4,2002-02-28,7N4SOV,JQ2DSK,JN3VMC,JN4QZY,JJ5BLY,JA6MEW,JO7HCH,JL8EJD,JF9JTI,JJ0JLQ,JS6QOH, 
2002-5,2002-03-29,7N4SWR,JQ2ECE,JN3VRX,JN4RAZ,JJ5BNG,JA6MKL,JO7HEK,JL8ENO,JF9JUC,JJ0JMU,JS6QOL, 
2002-7,2002-05-31,7N4TQW,JQ2EYG,JN3WHW,JN4RFG,JJ5BRR,JA6MZU,JO7HPN,JL8EZA,JF9JWM,JJ0JQU,JS6QPA, 
2002-8,2002-06-28,7N4UAP,JQ2FJT,JN3WPD,JN4RHA,JJ5BTB,JA6NEF,JO7HSR,JL8FCC,JF9JXD,JJ0JTV,JS6QPQ, 
2002-9,2002-08-02,7N4UMQ,JQ2FZA,JN3WXV,JN4RJW,JJ5BVH,JA6NLM,JO7HWW,JL8FSG,JF9JXW,JJ0JXU,JS6QPS,JD1BLG
2002-11,2002-09-30,7N4VGZ,JQ2GNM,JN3XME,JN4ROV,JJ5BXJ,JA6OBG,JO7IFY,JL8FYX,JF9KBC,JJ0KAZ,JS6QQU,JD1BLI
2002-12,2002-10-30,7N4VQR,JQ2GWR,JN3XXF,JN4RVI,JJ5CAD,JA6OGF,JO7IJT,JL8GFB,JF9KCE,JJ0KDL,JS6QUB,JD1BLI
2003-1,2002-11-29,7N4WBW,JQ2HHO,JO3AFU,JN4RXS,JJ5CBH,JA6OKS,JO7ILO,JL8GIF,JF9KDM,JJ0KHE,JS6QUP,JD1BLJ
2003-3,2003-01-31,7N4WSH,JQ2HVQ,JO3AQE,JN4SAS,JJ5CEW,JA6OSI,JO7IUI,JL8GPG,JF9KFA,JJ0KJL,JS6QVA,JD1BLK
2003-4,2003-02-28,7N4WYF,JQ2IFI,JO3AUF,JN4SCF,JJ5CGA,JA6OUJ,JO7IVY,JL8GSU,JF9KGI,JJ0KKS,JS6QVR,JD1BLK
2003-5,2003-04-04,7N4XGO,JQ2ILB,JO3AZQ,JN4SFL,JJ5CHT,JA6PDD,JO7IZG,JL8GVW,JF9KIA,JJ0KLM,JS6QVW,JD1BLK
2003-7,2003-05-30,7N4XUA,JQ2IZT,JO3BOX,JN4SIZ,JJ5CMA,JA6PMD,JO7JGX,JL8HHK,JF9KJK,JJ0KQH,JS6QWP,JD1BLK
TSS,2003-07-01,JA1AEP,JQ2JHB,JO3BUI,JN4SKL,JJ5CNP,JA6PSQ,JO7JJV,JL8HNO,JF9KKD,JJ0KRF,JS6QXQ,JD1BLL
TSS,2003-08-01,JA1DUI,JQ2JRS,JO3BZX,JN4SNG,JJ5COS,JA6PYH,JO7JND,JL8HRD,JF9KLZ,JJ0KSU,JS6QYG,JD1BLL
TSS,2003-09-02,JA1FLU,JQ2JYV,JO3CEY,JN4SQY,JJ5CQC,JA6QFD,JO7JRC,JL8HXC,JF9KOA,JJ0KTX,JS6QYR,JD1BLL
TSS,2003-10-03,JA1HMN,JQ2KDC,JO3CIZ,JN4SRY,JJ5CSD,JA6QHV,JO7JWF,JL8IBT,JF9KOX,JJ0KUQ,JS6QZR,JD1BLL
TSS,2003-10-31,JA1ITA,JQ2KNO,JO3CSI,JN4SXY,JJ5CUV,JA6QMZ,JO7JXO,JL8IFT,JF9KQG,JJ0KVL,JS6QZX,JD1BLM
TSS,2003-11-28,JA1KAG,JQ2KWC,JO3CWH,JN4TAP,JJ5CVM,JA6QQG,JO7KBD,JL8ILU,JF9KSA,JJ0KWY,JS6RAF,JD1BLM
TSS,2003-12-26,JA1LIX,JQ2LDN,JO3CZO,JN4TCP,JJ5CWM,JA6QZX,JO7KGB,JL8IPN,JF9KSR,JJ0KZT,JS6RAV,JD1BLM
TSS,2004-01-30,JA1MEC,JQ2LMO,JO3DBQ,JN4TEM,JJ5CYQ,JA6REX,JO7KKK,JL8IUK,JF9KTM,JJ0LCM,JS6RBT,JD1BLM
TSS,2004-02-27,JA1NEL,JQ2LQM,JO3DHR,JN4TFT,JJ5CZR,JA6RHD,JO7KPH,JL8IYW,JF9KVN,JJ0LDU,JS6RCA,JD1BLM
TSS,2004-04-02,JA1OQE,JQ2LYZ,JO3DNC,JN4TID,JJ5DAF,JA6ROA,JO7KRQ,JL8JDL,JF9KWL,JJ0LEN,JS6RCQ,JD1BLM
TSS,2004-05-14,JA1PVO,JQ2MKJ,JO3DTE,JN4TMY,JJ5DCZ,JA6RUL,JO7KWV,JL8JKM,JF9KXF,JJ0LHA,JS6RDE,JD1BLN
TSS,2004-07-02,JA1SAI,JQ2MZQ,JO3EIP,JN4TQU,JJ5DES,JA6SGW,JO7LBN,JL8JVI,JF9LAB,JJ0LJY,JS6RDO,JD1BLT
TSS,2004-07-30,JA1TEI,JQ2NJX,JO3EPL,JN4TUG,JJ5DGM,JA6SMU,JO7LHF,JL8KBP,JF9LBC,JJ0LKI,JS6RER,JD1BLV
TSS,2004-09-03,JA1UDA,JQ2NQE,JO3EYB,JN4TYG,JJ5DJQ,JA6SVE,JO7LMF,JL8KFD,JF9LCH,JJ0LMX,JS6RFA,JD1BLV
TSS,2004-10-01,JA1VJN,JQ2NVB,JO3FDC,JN4TZH,JJ5DKU,JA6SXR,JO7LPH,JL8KIM,JF9LCR,JJ0LOG,JS6RFN,JD1BLV
TSS,2004-10-29,JA1WJK,JQ2OCU,JO3FHR,JN4UCT,JJ5DOH,JA6TDV,JO7LSW,JL8KJO,JF9LCS,JJ0LPB,JS6RGG,JD1BLV
TSS,2004-12-03,JA1XPM,JQ2OJM,JO3FNI,JN4UFD,JJ5DQE,JA6THL,JO7MAC,JL8KUX,JF9LDZ,JJ0LQN,JS6RGG,JD1BLV
TSS,2005-02-04,JE1BNU,JQ2PAG,JO3FWA,JN4UJK,JJ5DTL,JA6TSJ,JO7MIE,JL8LBV,JF9LGV,JJ0LUK,JS6RHP,JD1BLV
TSS,2005-03-05,JE1CEV,JQ2PHK,JO3GAF,JN4ULR,JJ5DUK,JA6TUS,JO7MKH,JL8LFX,JF9LHU,JJ0LVL,JS6RIP,JD1BLV
TSS,2005-04-01,JE1CWX,JQ2PNT,JO3GEJ,JN4UNQ,JJ5DVH,JA6TWX,JO7MPS,JL8LJJ,JF9LID,JJ0LWC,JS6RJA,JD1BLZ
TSS,2005-06-03,JE1EIO,JQ2QDK,JO3GSO,JN4URI,JJ5DYC,JA6UKX,JO7NAU,JL8LUE,JF9LJL,JJ0LZE,JS6RJS,JD1BLZ
TSS,2005-07-01,JE1FGZ,JQ2QKB,JO3GZB,JN4UUC,JJ5DZO,JA6UPC,JO7NEG,JL8MAM,JF9LLD,JJ0MBF,JS6RKC,JD1BLZ
TSS,2005-07-29,JE1GER,JQ2QPY,JO3HHV,JN4UXB,JJ5EAN,JA6UTL,JO7NHH,JL8MGW,JF9LLQ,JJ0MBJ,JS6RKD,JD1BLZ
TSS,2005-09-02,JE1HEW,JQ2QZC,JO3HQO,JN4VBJ,JJ5ECU,JA6UXB,JO7NQQ,JL8MME,JF9LMK,JJ0MDD,JS6RLK,JD1BLZ
TSS,2005-10-07,JE1IFL,JQ2RDT,JO3HWA,JN4VDN,JJ5EDH,JA6VAF,JO7NVP,JL8MSJ,JF9LMZ,JJ0MEX,JS6RMD,JD1BLZ
TSS,2005-12-06,JE1JRX,JQ2RRA,JO3IJE,JN4VKY,JJ5EHC,JA6VNE,JO7OFO,JL8NCX,JF9LPP,JJ0MHL,JS6RMR,JD1BLZ
TSS,2006-02-03,JE1LIQ,JQ2SDC,JO3IUR,JN4VOL,JJ5ELB,JA6VVM,JO7OMH,JL8NLX,JF9LRK,JJ0MKA,JS6RNV,JD1BMA
TSS,2006-03-03,JE1MEI,JQ2SHD,JO3IYZ,JN4VRL,JJ5ELZ,JA6VYV,JO7OSE,JL8NOU,JF9LSC,JJ0MMB,JS6RNX,JD1BMA
TSS,2006-04-05,JE1MXA,JQ2SMW,JO3JDP,JN4VUI,JJ5ENT,JA6WEG,JO7PAO,JL8NTO,JF9LSU,JJ0MNO,JS6ROI,JD1BMB
TSS,2006-06-02,JE1OJT,JQ2TBW,JO3JRS,JN4VZW,JJ5EQN,JA6WRG,JO7PNM,JL8ODT,JF9LVD,JJ0MOZ,JS6RPC,JD1BME
TSS,2006-07-07,JE1POA,JQ2TLC,JO3JYF,JN4WGG,JJ5ERE,JA6XBE,JO7PUU,JL8OKE,JF9LWX,JJ0MQE,JS6RPP,JD1BME
TSS,2006-08-04,JE1QMY,JQ2TSK,JO3KFZ,JN4WJV,JJ5ERV,JA6XDO,JO7QCS,JL8OOD,JF9LXT,JJ0MSO,JS6RQD,JD1BME
TSS,2006-09-04,JE1RLU,JQ2TZG,JO3KMM,JN4WNP,JJ5EVC,JA6XJR,JO7QGM,JL8OVW,JF9LYY,JJ0MWU,JS6RQH,JD1BME
TSS,2006-11-02,JE1TIF,JQ2UJY,JO3LBV,JN4WWS,JJ5EWT,JA6XZK,JO7QXM,JL8PEQ,JF9MAL,JJ0MZA,JS6RQX,JD1BME
TSS,2006-12-01,JE1UFV,JQ2UTA,JO3LGY,JN4XDZ,JJ5EYP,JE6AEM,JO7RKT,JL8PNF,JF9MCP,JJ0NAA,JS6RRT,JD1BME
TSS,2007-02-02,JE1WIA,JQ2VGM,JO3LVO,JN4XLA,JJ5FDE,JE6ARK,JO7SBR,JL8PVH,JF9MEE,JJ0NDY,JS6RTC,JD1BMG
TSS,2007-03-02,JE1XMA,JQ2VLJ,JO3MBC,JN4XNO,JJ5FES,JE6AVP,JO7SKU,JL8PYO,JF9MGU,JJ0NGJ,JS6RTK,JD1BMG
TSS,2007-04-06,JF1AQV,JQ2VRE,JO3MJG,JN4XQV,JJ5FGA,JE6AYA,JO7SOA,JL8QEZ,JF9MHN,JJ0NHM,JS6RTY,JD1BMH
TSS,2007-06-01,JF1CMN,JQ2WDF,JO3MYX,JN4XVY,JJ5FKD,JE6BHG,JO7SXP,JL8QQT,JF9MIQ,JJ0NKZ,JS6RUY,JD1BMK
TSS,2007-07-06,JF1EEX,JQ2WJG,JO3NEE,JN4XZM,JJ5FLT,JE6BNZ,JO7TGL,JL8RDG,JF9MKA,JJ0NNL,JS6RUY, 
TSS,2007-08-03,JF1FJJ,JQ2WTM,JO3NMO,JO4AAD,JJ5FNQ,JE6BPI,JO7TRN,JL8RIX,JF9MKV,JJ0NOH,JS6RVO, 
TSS,2007-09-07,JF1GOA,JQ2XDS,JO3NUE,JO4AEJ,JJ5FPN,JE6BVY,JO7TVU,JL8RUC,JF9MNB,JJ0NQD,JS6RVU, 
TSS,2007-10-05,JF1HMZ,JQ2XNL,JO3OBU,JO4AIG,JJ5FRJ,JE6CAY,JO7TYM,JL8RZC,JF9MOJ,JJ0NSF,JS6RWK, 
TSS,2007-11-02,JF1IKH,JQ2XSR,JO3OIZ,JO4ANR,JJ5FTS,JE6CGK,JO7UEP,JL8SHM,JF9MQE,JJ0NTK,JS6RWV, 
TSS,2007-12-07,JF1JXX,JS2AAS,JO3ORL,JO4ASN,JJ5FUZ,JE6CNR,JO7UKT,JL8SQN,JF9MRM,JJ0NWO,JS6RXC, 
TSS,2008-01-11,JF1KWN,JR2AIC,JO3OUW,JO4AVV,JJ5FVR,JE6CWE,JO7UVG,JL8SWJ,JF9MTK,JJ0NYV,JS6RXY, 
TSS,2008-02-01,JF1LMA,JR2ASK,JO3PCI,JO4AYJ,JJ5FXM,JE6CYW,JO7VAO,JL8TAO,JF9MUL,JJ0OAF,JS6RYD, 
TSS,2008-03-07,JF1MMT,JR2AYZ,JO3PGU,JO4BAE,JJ5FXM,JE6DBF,JO7VFV,JL8TEE,JF9MVB,JJ0OBE, ,JD1BMR
TSS,2008-04-04,JF1NJX,JR2BFD,JO3PNN,(JO4BAE),JJ5GBA,JE6DGE,JO7VJE,JL8TLZ,JF9MWB,JJ0OBY,JS6RZM,JD1BMV
TSS,2008-05-02,JF1OQH,JR2BOD,JO3PTF,JO4BFU,JJ5GCV,JE6DJX,JO7VNO,JL8TOS,JF9MWS,JJ0ODE,JS6RZZ,JD1BMV
TSS,2008-06-06,JF1PUB,JR2BUA,JO3QAB,JO4BIE,JJ5GES,JE6DPH,JO7VQX,JL8TWP,JF9MYB,JJ0OEK,JS6SAC,JD1BMW
TSS,2008-07-04,JF1QPT,JR2BZV,JO3QFY,JO4BJU,JJ5GGQ,JE6DUZ,JO7VYF,JL8UCP,JF9MZW,JJ0OGL,JS6SAJ,JD1BMY
TSS,2008-08-01,JF1RUM,JR2CMT,JO3QLL,JO4BMF,JJ5GIN,JE6DZQ,JO7WDX,JL8UIO,JF9NBS,JJ0OIN,JS6SAW,JD1BNB
TSS,2008-09-05,JF1TAF,JR2CVT,JO3QUA,JO4BON,JJ5GJJ,JE6EEH,JO7WGN,JL8UOA,JF9NDU,JJ0OJX,JS6SBG,JD1BNB
TSS,2008-10-03,JF1TZX,JR2DBG,JO3RAV,JO4BSL,JJ5GLU,JE6EHA,JO7WLE,JL8USE,JF9NFX,JJ0OKX,JS6SBY,JD1BNB
TSS,2008-11-07,JF1VAM,JR2DHN,JO3RGZ,JO4BUK,JJ5GNQ,JE6EOG,JO7WSV,JL8UWS,JF9NGU,JJ0OLV,JS6SCI,JD1BNB
TSS,2008-12-05,JF1VYE,JR2DNV,JO3ROU,JO4BXU,JJ5GPC,JE6ERH,JO7WWJ,JL8VAL,JF9NHG,JJ0OMW,JS6SCM,JD1BNC
TSS,2009-01-09,JF1XDT,JR2DUM,JO3RXJ,JO4CAD,JJ5GRL,JE6EUM,JO7WZB,JL8VEG,JF9NHQ,JJ0OOS,JS6SCO,JD1BNC
TSS,2009-02-06,JG1ABG,JR2ECD,JO3SDB,JO4CBT,JJ5GUF,JE6EZM,JO7XDF,JL8VGX,JF9NJH,JJ0OQW,JS6SDV,JD1BND
TSS,2009-03-06,JG1AYL,JR2EHN,JO3SLP,JO4CDP,JJ5GWL,JE6FDA,JO7XFW,JL8VIM,JF9NKQ,JJ0ORY,JS6SEA,JD1BNE
TSS,2009-04-14,JG1BYH,JR2EPN,JO3SPN,JO4CFP,JJ5GXQ,JE6FHP,JO7XJU,JL8VLW,JF9NLA,JJ0OTB,JS6SEL,JD1BNE
TSS,2009-05-15,JG1CHI,JR2ETA,JO3SSJ,JO4CGS,JJ5GYS,JE6FKA,JO7XLM,JL8VOH,JF9NLY,JJ0OUH,JS6SFF,JD1BNE
TSS,2009-06-11,JG1DSA,JR2FAW,JO3SXQ,JO4CIL,JJ5GZV,JE6FNP,JO7XQY,JL8VUA,JF9NNG,JJ0OVT,JS6SGJ,JD1BNE
TSS,2009-07-09,JG1EXZ,JR2FGR,JO3TFG,JO4CJU,JJ5HAN,JE6FQO,JO7XTY,JL8VZK,JF9NOI,JJ0OWO,JS6SGU,JD1BNE
TSS,2009-08-10,JG1FCS,JR2FLN,JO3TLG,JO4CKT,JJ5HEF,JE6FUJ,JP7ABB,JL8WEX,JF9NPY,JJ0OXN,JS6SIT,JD1BNI
TSS,2009-09-07,JG1FCS,JR2FPU,JO3TPQ,JO4CND,JJ5HGD,JE6GAM,JP7AFY,JL8WIR,JF9NQN,JJ0OZH,JS6SJJ,JD1BNI
TSS,2009-10-02,JG1HEO,JR2FTM,JO3TVT,JO4CPN,JJ5HHT,JE6GFV,JP7AJB,JL8WMF,JF9NQZ,JJ0PAS,JS6SLB,JD1BNI
TSS,2009-11-06,JG1IGO,JR2GCL,JO3UBV,JO4CRY,JJ5HJZ,JE6GJU,JP7ALZ,JL8WPJ,JF9NSK,JJ0PBV,JS6SLZ,JD1BNN
TSS,2009-12-02,JG1IZY,JR2GIW,JO3UID,JO4CSU,JJ5HLN,JE6GND,JP7AQG,JL8WSJ,JF9NSY,JJ0PDE,JS6SML,JD1BNN
TSS,2010-01-08,JG1JQG,JR2GMX,JO3UOP,JO4CUP,JJ5HNE,JE6GSE,JP7ATX,JL8WVM,JF9NTK,JJ0PEE,JS6SNM,JD1BNP
TSS,2010-02-05,JG1KNM,JR2GSV,JO3UUB,JO4CXD,JJ5HOI,JE6GVE,JP7AYO,JL8WYQ,JF9NTW,JJ0PFQ,JS6SOG,JD1BNQ
TSS,2010-03-04,JG1LCT,JR2GZB,JO3UXS,JO4CYO,JJ5HQU,JE6GYH,JP7BBK,JL8XAY,JF9NUJ,JJ0PGV,JS6SOY,JD1BNQ
TSS,2010-04-02,JG1LNB,JR2HFV,JO3VDN,JO4CZF,JJ5HSL,JE6HAM,JP7BEN,JL8XFQ,JF9NVS,JJ0PIF,JS6SPI,JD1BNR
TSS,2010-05-10,JG1MOP,JR2HNA,JO3VJL,JO4DAG,JJ5HUR,JE6HFA,JP7BJZ,JL8XLG,JF9NWL,JJ0PJA,JS6SPR,JD1BNR
TSS,2010-06-03,JG1MZK,JR2HSZ,JO3VMP,JO4DDC,JJ5HWA,JE6HHV,JP7BNI,JL8XPQ,JF9NWP,JJ0PJU,JS6SQO,JD1BNR
TSS,2010-07-02,JG1NTH,JR2HXG,JO3VSG,JO4DGM,JJ5HXA,JE6HMG,JP7BSU,JL8XSH,JF9NXN,JJ0PKV,JS6SQY,JD1BNR
TSS,2010-08-06,JG1OQX,JR2ICC,JO3WDE,JO4DJD,JJ5HYB,JE6HPW,JP7BYF,JL8XWC,JF9NYI,JJ0PLT,JS6SRE,JD1BNR
TSS,2010-09-03,JG1PPZ,JR2IFT,JO3WLO,JO4DLT,JJ5IAN,JE6HSE,JP7CBK,JL8XYH,JF9NYZ,JJ0PNU,JS6SSE,JD1BNR
TSS,2010-10-01,JG1QFI,JR2ILJ,JO3WTV,JO4DNB,JJ5IBU,JE6HUC,JP7CFP,JM8AAQ,JF9NZQ,JJ0PQR,JS6SSO,JD1BNR
TSS,2010-11-05,JG1RHG,JR2IRY,JO3XAC,JO4DOY,JJ5IDW,JE6HWR,JP7CJY,JM8ADW,JF9NZZ,JJ0PSM,JS6SSU,JD1BNS
TSS,2010-12-03,JG1RUG,JR2IYD,JO3XJG,JO4DPX,JJ5IGA,JE6IDF,JP7CNS,JM8AGS,JF9OAT,—,JS6SSY,JD1BNS
TSS,2011-01-07,JG1SKT,JR2JFT,JO3XWD,JO4DRI,JJ5IID,JE6IIV,JP7CRO,JM8AIX,JF9OBE,JJ0PYD,JS6STF,JD1BNT
TSS,2011-02-04,JG1THG,JR2JKY,JP3ACC,JO4DSL,JJ5IJL,JE6IMC,JP7CTX,JM8AKZ,JF9OBP,JJ0QAC,JS6STI,JD1BNT
TSS,2011-03-04,JG1UAS,JR2JQY,JP3AFK,JO4DTO,JJ5IKG,JE6INO,JP7CVC,JM8ANQ,JF9OBX,JJ0QAT,JS6SUI,JD1BNU
TSS,2011-04-01,JG1UEZ,JR2JVN,JP3AKH,JO4DUK,JJ5ILU,JE6IQX,JP7CWD,JM8ASP,JF9OCT,JJ0QBZ,JS6SUN,JD1BNU
TSS,2011-05-13,JG1VBK,JR2KEB,JP3ATN,JO4DWB,JJ5IOU,JE6IVX,JP7CZK,JM8AUQ,JF9ODV,JJ0QCS,JS6SUS,JD1BNU
TSS,2011-06-03,JG1VYT,JR2KLC,JP3AZH,JO4DXF,JJ5IQZ,JE6IZS,JP7DAX,JM8AXV,JF9OEK,JJ0QEM,JS6SUW,JD1BNV
TSS,2011-07-01,JG1WPV,JR2KQJ,JP3BEQ,JO4DZT,JJ5IRW,JE6JBW,JP7DDJ,JM8BCN,JF9OFG,JJ0QFK,JS6SVE,JD1BNV
TSS,2011-08-05,JG1XNQ,JR2KVM,JP3BMS,JO4EBX,JJ5ITG,JE6JFJ,JP7DIG,JM8BHE,JF9OFS,JJ0QGL,JS6SVR,JD1BNV
TSS,2011-09-02,JH1AFK,JR2LBJ,JP3BVK,JO4EDR,JJ5IUQ,JE6JIE,JP7DKT,JM8BJP,JF9OGP,JJ0QIB,JS6SVW,JD1BNV
TSS,2011-10-06,JH1BIY,JR2LJB,JP3CAB,JO4EFJ,JJ5IVR,JE6JNQ,JP7DPV,JM8BLT,JF9OHM,JJ0QKD,JS6SWG,JD1BNV
TSS,2011-11-01,JH1CFA,JR2LPR,JP3CFA,JO4EHF,JJ5IXB,JE6JRS,JP7DSK,JM8BNA,JF9OIQ,JJ0QKR,JS6SWT,JD1BNW
TSS,2011-12-02,JH1DIG,JR2LZD,JP3CKM,JO4EJI,JJ5IZG,JE6JWU,JP7DVT,JM8BQZ,JF9OJQ,JJ0QLV,JS6SWV,JD1BNX
TSS,2012-01-06,JH1EJI,JR2MFN,JP3CTK,JO4EKI,JJ5JAR,JE6KDN,JP7EAZ,JM8BUD,JF9OKH,JJ0QNB,JS6SXR,JD1BNX
TSS,2012-02-07,JH1EWN,JR2MLW,JP3CYG,JO4EME,JJ5JDK,JE6KGE,JP7EED,JM8BWE,JF9OLJ,JJ0QOG,JS6SXX,JD1BNY
TSS,2012-03-02,JH1FWM,JR2MSK,JP3DEJ,JO4ENL,JJ5JFN,JE6KJE,JP7EGH,JM8BZD,JF9OMI,JJ0QQC,JS6SYF,JD1BNY
TSS,2012-04-06,JH1GWK,JR2MYS,JP3DJF,JO4EOR,JJ5JHF,JE6KLM,JP7EKZ,JM8CBF,JF9OMR,JJ0QUE,JS6SYM,JD1BNZ
TSS,2012-05-09,JH1HOF,JR2NEZ,JP3DOM,JO4EPT,JJ5JIM,JE6KOP,JP7EPN,JM8CFO,JF9OND,JJ0QUU,JS6SYN,JD1BNZ
TSS,2012-06-01,JH1IJU,JR2NOJ,JP3DTB,JO4ERZ,JJ5JKT,JE6KSK,JP7ETK,JM8CLA,JF9ONY,JJ0QVY,JS6SYR,JD1BOA
TSS,2012-07-03,JH1JCN,JR2NUJ,JP3EAJ,JO4EUF,JJ5JLZ,JE6KVK,JP7EZZ,JM8CNN,JF9OPD,JJ0QWX,JS6SYY,JD1BOB
TSS,2012-08-03,JH1KEV,JR2OFN,JP3EEZ,JO4EUX,JJ5JLZ,JE6KZJ,JP7FGE,JM8CUD,JF9OQC,JJ0QYA,JS6SZO,JD1BOC
TSS,2012-09-07,JH1KZZ,JR2OMN,JP3EPB,JO4EXE,JJ5JQQ,JE6LEA,JP7FLG,JM8CXF,JF9OQJ,JJ0QZF,JS6SZX,JD1BOC
 ,2012-10-01,JH1LNY,JR2ORM,JP3EUI,JO4FAB,JJ5JST,JE6LHC,JP7FPM,JM8CYO,JF9OQU,JJ0RAJ,JS6TAW,JD1BOC
 ,2012-11-01,JH1MED,JR2OWW,JP3FCJ,JO4FCW,JJ5JVB,JE6LMO,JP7FTR,JM8DBK,JF9ORM,JJ0RCA,JS6TAZ,JD1BOC
 ,2012-12-01,JH1NNK,JR2PHX,JP3FJB,JO4FFJ,JJ5JYL,JE6LPN,JP7FYR,JM8DEG,JF9ORZ,JJ0RDO,JS6TBO,JD1BOC
 ,2013-01-01,JH1OHP,JR2PSA,JP3FPU,JO4FGI,JJ5KAH,JE6LTD,JP7GEG,JM8DGL,JF9OTN,JJ0REB,JS6TCA,JD1BOG
 ,2013-02-01,JH1OTU,JR2PYG,JP3FVJ,JO4FHD,JJ5KBY,JE6LXE,JP7GKI,JM8DHR,JF9OUB,JJ0RFZ,JS6TCK,JD1BOG
 ,2013-03-01,JH1PKU,JR2QDG,JP3FYY,JO4FIE,JJ5KEG,JE6LZT,JP7GPK, ,JF9OUK,JJ0RHN,JS6TCM,JD1BOG
 ,2013-04-01,JH1QER,JR2QJD,JP3GFF,JO4FIT,JJ5KFT,JE6MBL,JP7GSU, ,JF9OVC,JJ0RIF,JS6TCV,JD1BOG
 ,2013-05-01,JH1QYB,JR2QOQ,JP3GNL,JO4FJQ,JJ5KHI,JE6MHK,JP7GXC, ,JF9OVR,—,—,JD1BOG
 ,2013-06-01,JH1RXC,JR2QXV,JP3GYN,JO4FMA,JJ5KJL,JE6MJX,JP7HBS, ,JF9OWO,JJ0RJS,JS6TDJ,JD1BOH
 ,2013-07-01,JH1SRZ,JR2REY,JP3HHF,JO4FOB,JJ5KLJ,JE6MNG,JP7HHK, ,JF9OXF,JJ0RKT,JS6TDO,JD1BOI
 ,2013-08-01,JH1TVO,JR2RLX,JP3HQD,JO4FPT,JJ5KMN,JE6MSM,JP7HMC, ,JF9OYG,JJ0RLR,JS6TDU,JD1BOI
 ,2013-09-01,JH1UOW,JR2RST,JP3HVE,JO4FSI,JJ5KOQ,JE6MYB,JP7HTB, ,JF9OYV,JJ0RNT,JS6TEA,JD1BOK
 ,2013-10-01,JH1VHI,JR2RZW,JP3HZT,JO4FUR,JJ5KPU,JE6NAY,JP7HWA,JM8ELC,JF9OZK,JJ0ROW,JS6TES,JD1BON
 ,2013-11-01,JH1WKZ,JR2SHB,JP3IHP,JO4FWF,JJ5KRC,JE6NKP,JP7ICS,JM8EPO,JF9PAP,JJ0RRL,JS6TFC,JD1BON
 ,2013-12-01,JH1XHR,JR2SMC,JP3IPC,JO4FZE,JJ5KTJ,JE6NQB,JP7IHG,JM8EUJ,JF9PBJ,JJ0RSN,JS6TFJ,JD1BON
 ,2014-01-01,JI1ABS,JR2SRZ,JP3IUC,JO4GAI,JJ5KUN,JE6NVE,JP7INK,JM8EXF,JF9PCA,JJ0RTK,JS6TGJ,JD1BOO
 ,2014-02-01,JI1ATI,JR2SVY,JP3JBD,JO4GBZ,JJ5KVI,JE6NYQ,JP7ISI,JM8EZO,JF9PCM,JJ0RWJ,JS6TGS,JD1BOP
 ,2014-03-01,JI1BJF,JR2TCO,JP3JGJ,JO4GDC,JJ5KYW,JE6OBU,JP7IYN,JM8FEE,JF9PDI,JJ0RYB,JS6TGX,JD1BOP
 ,2014-04-01,JI1BVL,JR2THQ,JP3JLP,JO4GEP,JJ5LCD,JE6OEY,JP7JDE,JM8FIM,JF9PDW,JJ0RZA,JS6THG,JD1BOQ
 ,2014-05-01,JI1CGU,JR2TOE,JP3JNR,JO4GGN,JJ5LFC,JE6OJR,JP7JIC,JM8FNE,JF9PEJ,JJ0RZY,JS6THK,JD1BOR
 ,2014-06-01,JI1DEA,JR2TSK,JP3JXX,JO4GIM,JJ5LGD,JE6OOI,JP7JMS,JM8FRP,JF9PEZ,JJ0SBP,JS6THP,JD1BOV
 ,2014-07-01,JI1EAS,JR2TYY,JP3KDO,JO4GJO,JJ5LIN,JE6OSS,JP7JUU,JM8FUQ,JF9PGL,JJ0SCQ,JS6THX,JD1BOV
 ,2014-08-01,JI1EYX,JR2UGP,JP3KKO,JO4GKQ,JJ5LJN,JE6OZF,JP7KEA,JM8GBP,JF9PHP,JJ0SDV,JS6TIE,JD1BOV
 ,2014-09-01,JI1FNK,JR2ULK,JP3KPC,JO4GNL,JJ5LLT,JE6PBQ,JP7KHV,JM8GHB,JF9PIG,JJ0SFY,JS6TJE,JD1BOX
 ,2014-10-01,JI1GDG,JR2UPO,JP3KTU,JO4GPY,JJ5LOJ,JE6PEF,JP7KMY,JM8GKH,JF9PJP,JJ0SIA,JS6TJH,JD1BOX
 ,2014-11-01,JI1GYN,JR2UYD,JP3LBS,JO4GSM,JJ5LPF,JE6PKN,JP7KXE,JM8GNR,JF9PKM,JJ0SJS,JS6TJL,JD1BOX
 ,2014-12-01,JI1HQX,JR2VCQ,JP3LHG,JO4GTL,JJ5LRZ,JE6PNK,JP7LCN,JM8GQJ,JF9PKZ,JJ0SKU,JS6TJT,JD1BOY
 ,2015-01-01,JI1IJG,JR2VIT,JP3LMP,JO4GXA,JJ5LTH,JE6PPC,JP7LGB,JM8GTC,JF9PLD,JJ0SMF,JS6TKA,JD1BOY
 ,2015-02-01,JI1JBT,JR2VNG,JP3LSS,JO4GVX,JJ5LWA,JE6PRP,JP7LMH,JM8GYA,JF9PLZ,JJ0SNR,JS6TKL,JD1BOY
 ,2015-03-01,JI1JRS,JR2VSI,JP3LXS,JO4GYD,JJ5LXG,JE6PSX,JP7LSD,JM8HAL,JF9PMY,JJ0SOX,JS6TKT,JD1BOY
 ,2015-04-01,JI1KJP,JR2VYU,JP3MEQ,JO4GZR,JJ5LZX,JE6PVL,JP7LXG,JM8HEM,JF9PNT,JJ0SPT,JS6TKY,JD1BOZ
 ,2015-05-01,JI1LBE,JR2WGB,JP3MLO,JO4HCI,JJ5MBC,JE6PYU,JP7MDU,JM8HGQ,JF9POX,JJ0SRB,JS6TLE,JD1BOZ
 ,2015-06-01,JI1LTC,JR2WIX,JP3MPK,JO4HEG,JJ5MCU,JE6QCT,JP7MLH,JM8HJH,JF9PPF,JJ0SSD,JS6TLL,JD1BOZ
 ,2015-07-01,JI1MRI,JR2WNZ,JP3MUU,JO4HFK,JJ5MDV,JE6QHR,JP7MTR,JM8HQC,JF9PPZ,JJ0SVH,JS6TLN,JD1BPB
 ,2015-08-01,JI1NRH,JR2WWF,JP3NDV,JO4HGR,JJ5MFJ,JE6QKS,JP7NAT,JM8HUL,JF9PRB,JJ0SWL,JS6TMH,JD1BPB
 ,2015-09-01,JI1OGS,JR2XBT,JP3NHP,JO4HHY,JJ5MHM,JE6QMT,JP7NFR,JM8HXE,JF9PRM,JJ0SXN,JS6TMP,JD1BPB
 ,2015-10-01,JI1OZK,JR2XJL,JP3NNP,JO4HKJ,JJ5MIU,JE6QUZ,JP7NNN,JM8ICD,JF9PRV,JJ0SZH,JS6TMZ,JD1BPB
 ,2015-11-01,JI1PTJ,JR2XRL,JP3NVI,JO4HMO,JJ5MLR,JE6QZF,JP7NRU,JM8IGC,JF9PSY,JJ0TAH,JS6TNL,JD1BPD
 ,2015-12-01,JI1QLS,JR2XVK,JP3OAC,JO4HNW,JJ5MNV,JE6RDV,JP7NYA,JM8IKO,JF9PTS,JJ0TCL,JS6TNM,JD1BPE
 ,2016-01-01,JI1RDF,JS2AAU,JP3OEQ,JO4HPQ,JJ5MPU,JE6RGX,JP7OEC,JM8IOR,JF9PUM,JJ0TDY,JS6TNT,JD1BPE
 ,2016-02-01,JI1RQW,JS2AGV,JP3OJW,JO4HRN,JJ5MSB,JE6RJG,JP7OJH,JM8ITC,JF9PVQ,JJ0TFK,JS6TOA,JD1BPE
 ,2016-03-01,JI1SGU,JS2ALJ,JP3OPX,JO4HTC,JJ5MTJ,JE6RMD,JP7OQQ,JM8IWX,JF9PWK,JJ0THH,JS6TOL,JD1BPE
 ,2016-04-01,JI1TAW,JS2AQJ,JP3OUT,JO4HUE,JJ5MVB,JE6RPM,JP7OYM,JM8JAP,JF9PXA,JJ0THX,JS6TOU,JD1BPE
 ,2016-05-01,JI1TLO,JS2AXT,JP3OZZ,JO4HUX,JJ5MXM,JE6RTC,JP7PCN,JM8JDZ,JF9PXW,JJ0TIW,JS6TPJ,JD1BPF
 ,2016-06-01,JI1UAM,JS2AZV,JP3PFU,JO4HWT,JJ5MZF,JE6RWP,JP7PIA,JM8JII,JF9QAE,JJ0TKC,JS6TQB,JD1BPF
 ,2016-07-01,JI1UXF,JS2BFH,JP3PNM,JO4IAT,JJ5NAK,JE6RZJ,JP7PPD,JM8JML,JF9QBK,JJ0TLY,JS6TQE,JD1BPF
 ,2016-08-01,JI1VPP,JS2BJQ,JP3PUB,JO4IBZ,JJ5NBW,JE6SCO,JP7PTY,JM8JQF,JF9QCG,JJ0TNH,JS6TQS,JD1BPF
 ,2016-09-01,JI1WIR,JS2BQO,JP3PWK,JO4IDJ,JJ5NEL,JE6SFL,JP7QAJ,JM8JUI,JF9QDE,JJ0TOX,JS6TRM,JD1BPG
 ,2016-10-01,JI1XDS,JS2BXO,JP3QBL,JO4IEZ,JJ5NFJ,JE6SHC,JP7QEJ,JM8JXF,JF9QFH,JJ0TQQ,JS6TRR,JD1BPG
 ,2016-11-01,JI1XUP,JS2CEC,JP3QGB,JO4IGF,JJ5NHJ,JE6SLO,JP7QIQ,JM8KAQ,JF9QFP,JJ0TRX,JS6TRV,JD1BPH
 ,2016-12-01,JJ1ARM,JS2CKV,JP3QND,JO4IIE,JJ5NJB,JE6SKF,JP7QMM,JM8KDP,JF9QGO,JJ0TSH,JS6TSD,JD1BPI
 ,2017-01-01,JJ1BGI,JS2CPU,JP3QUR,JO4IJM,JJ5NKZ,JE6SSA,JP7QUL,JM8KGD,JF9QHP,JJ0TUL,JS6TSK,JD1BPI
 ,2017-02-01,JJ1BVA,JS2CTB,JP3QYL,JO4ILM,JJ5NMP,JE6SVU,JP7RBV,JM8KJE,JF9QIE,JJ0TVL,JS6TSS,JD1BPJ
 ,2017-03-01,JJ1CII,JS2CXT,JP3RDA,JO4IMK,JJ5NOA,JE6SYC,JP7REZ,JM8KLG,JF9QJM,JJ0TXB,JS6TST,JD1BPJ
 ,2017-04-01,JJ1DDD,JS2DBZ,JP3RIN,JO4INO,JJ5NPP,JE6TBW,JP7RJF,JM8KOZ,JF9QKD,JJ0TXX,JS6TTJ,JD1BPJ
 ,2017-05-01,JJ1DMI,JS2DIB,JP3RNB,      ,JJ5NTA,JE6TEO,JP7ROO,JM8KSO,JF9QLM,JJ0TZC,JS6TTR,JD1BPJ
 ,2017-06-01,JJ1EIG,JS2DNF,JP3RRW,JO4IPJ,JJ5NVL,JE6TGR,JP7RWP,JM8KWQ,JF9QLQ,JJ0UBP,JS6TTW,JD1BPJ
 ,2017-07-01,JJ1FFD,JS2DSH,JP3RZV,JO4IQX,JJ5NWD,JE6TLM,JP7SAS,JM8LAP,JF9QMM,JJ0UCN,JS6TUN,JD1BPJ
 ,2017-08-01,JJ1FTW,JS2DXB,JP3SHU,JO4ISS,JJ5NXO,JE6TNJ,JP7SFB,JM8LFC,JF9QMX,JJ0UDU,JS6TUQ,JD1BPJ
 ,2017-09-01,JJ1GLH,JS2ECB,JP3SMO,JO4ITQ,JJ5NYO,JE6TQO,JP7SIH,JM8LJP,JF9QNX,JJ0UFX,JS6TVL,JD1BPJ
 ,2017-10-01,JJ1HEX,JS2EGC,JP3SSF,JO4IVD,JJ5NZZ,JE6TTN,JP7SMZ,JM8LMY,JF9QOI,JJ0UGX,JS6TWD,JD1BPJ
 ,2017-11-01,JJ1HYS,JS2EMF,JP3SXD,JO4IXD,JJ5OBE,JE6TWY,JP7SRE,JM8LPB,JF9QPP,JJ0UIE,JS6TWQ,JD1BPJ
 ,2017-12-01,JJ1IKY,JS2EQI,JP3TFK,JO4IYP,JJ5OEQ,JE6UAW,JP7SUF,JM8LTB,JF9QQL,JJ0UJE,JS6TWX,JD1BPJ
 ,2018-01-01,JJ1IYZ,JS2ETK,JP3TIP,JO4IZQ,JJ5OGQ,JE6UDU,JP7SYL,JM8LWF,JF9QQR,JJ0UKP,JS6TXC,JD1BPJ
 ,2018-02-01,JJ1JNA,JS2EXP,JP3TMN,JO4JAT,JJ5OIE,JE6UGK,JP7TBD,JM8LZC,JF9QUF,JJ0ULR,JS6TXL,JD1BPJ
 ,2018-03-01,JJ1KBN,JS2FBX,JP3TQY,JO4JBK,JJ5OKV,JE6UHW,JP7TEF,JM8MCR,JF9QVF,JJ0UMU,JS6TXN,JD1BPJ
 ,2018-04-01,JJ1KOJ,JS2FES,JP3TVM,JO4JBY,JJ5ONA,JE6ULD,JP7THW,JM8MFQ,JF9QVR,JJ0UNG,JS6TXQ,JD1BPJ
 ,2018-05-01,JJ1LED,JS2FIE,JP3UAH,JO4JDH,JJ5OOA,JE6UPD,JP7TJV,JM8MHH,JF9QWT,JJ0UOB,JS6TYB,JD1BPJ
 ,2018-06-01,JJ1LXX,JS2FOC,JP3UEW,JO4JGA,JJ5OPX,JE6UTA,JP7TNZ,JM8MLI,      ,JJ0UPK,JS6TYG,JD1BPK
 ,2018-07-01,JJ1MIA,JS2FQR,JP3UIT,JO4JGY,JJ5OST,JE6UVY,JP7TSV,JM8MQH,JF9QXN,JJ0UQV,JS6TYN,JD1BPL
 ,2018-08-01,JJ1MYO,JS2FVE,JP3UOO,JO4JIX,JJ5OTZ,JE6UYJ,JP7TXD,JM8MTG,JF9QYT,JJ0URR,JS6TZC,JD1BPM
 ,2018-09-01,JJ1NGJ,JS2FXQ,JP3UTZ,JO4JJS,JJ5OUO,JE6VBL,JP7UAZ,JM8MXY,JF9RAL,JJ0USO,JS6TZW,JD1BPM
 ,2018-10-01,JJ1OBG,JS2GDR,JP3UXR,JO4JMB,JJ5OVY,JE6VDI,JP7UDN,JM8NAA,JF9RBI,JJ0UTQ,JS6UAE,JD1BPM
 ,2018-11-01,JJ1OTK,JS2GHI,JP3VFT,JO4JOI,JJ5OZE,JE6VGR,JP7UIQ,JM8NDF,JF9RCL,JJ0UUW,JS6UAK,JD1BPN
 ,2018-12-01,JJ1PIQ,JS2GLX,JP3VMW,JO4JPK,JJ5PAM,JE6VKS,JP7UMA,JM8NIK,JF9RDL,JJ0UWV,JS6UAP,JD1BPN
 ,2019-01-01,JJ1PUQ,JS2GQI,JP3VRC,JO4JQI,JJ5PCV,JE6VNR,JP7UOY,JM8NLF,JF9REO,JJ0UYC,JS6UBA,JD1BPO
 ,2019-02-01,JJ1QGO,JS2GTI,JP3VVN,JO4JSA,JJ5PDG,JE6VRD,JP7USG,JM8NQQ,JF9RFC,JJ0UZK,JS6UBN,JD1BPO
 ,2019-03-01,JJ1QYF,JS2GWY,JP3WAR,JO4JTP,JJ5PFC,JE6VTM,JP7UXB,JM8NQN,JF9RFL,JJ0VAS,JS6UBR,JD1BPO
 ,2019-04-01,JJ1RLD,JS2HAY,JP3WGX,JO4JUJ,JJ5PHK,JE6VVY,JP7UZQ,JM8NUH,JF9RGK,JJ0VBK,JS6UCA,JD1BPP
 ,2019-05-01,JJ1RXH,JS2HEV,JP3WMY,JO4JVT,JJ5PII,JE6VXR,JP7VEC,JM8NWV,JF9RGZ,JJ0VCG,JS6UCQ,JD1BPQ
 ,2019-06-01,JJ1SIQ,JS2HHS,JP3WRA,JO4JWS,JJ5PKC,JE6VZE,JP7VHV,JM8NZR,JF9RHQ,JJ0VDE,JS6UCT,JD1BPQ
 ,2019-07-01,JJ1SVI,JS2HLV,JP3WWN,JO4JYN,JJ5PLC,JE6WBC,JP7VLV,JM8OEW,JF9RIK,JJ0VEG,JS6UCY,JD1BPQ
 ,2019-08-01,JJ1TNR,JS2HQD,JP3XDO,JO4KAO,JJ5PMT,JE6WDN,JP7VQY,JM8OKN,JF9RKL,JJ0VFD,JS6UDL,JD1BPQ
 ,2019-09-01,JJ1UCX,JS2HSU,JP3XJD,JO4KCH,JJ5PNZ,JE6WFW,JP7VUQ,JM8OOJ,JF9RLH,JJ0VFY,JS6UDO,JD1BPQ
 ,2019-10-01,JJ1URA,JS2HWB,JP3XNQ,JO4KDV,JJ5PPN,JE6WJX,JP7VXS,JM8ORQ,JF9RLY,JJ0VHB,JS6UDY,JD1BPQ
 ,2019-11-01,JJ1VFQ,JS2IAK,JP3XUL,JO4KGS,JJ5PQX,JE6WMH,JP7WBM,JM8OUM,JF9RNM,JJ0VIU,JS6UED,JD1BPQ
 ,2019-12-01,JJ1VXX,JS2IEJ,JP3XZS,JO4KII,JJ5PSK,JE6WPQ,JP7WEW,JM8OXS,JF9ROH,JJ0VJC,JS6UEK,JD1BPQ
 ,2020-01-01,JJ1WGJ,JS2IIE,JQ3AFI,JO4KJQ,JJ5PTN,JE6WSD,JP7WJJ,JM8PBH,JF9ROS,JJ0VKG,JS6UER,JD1BPQ
 ,2020-02-01,JJ1WWS,JS2IOA,JQ3AJG,JO4KLP,JJ5PVH,JE6WUP,JP7WMM,JM8PEZ,JF9RPP,JJ0VKX,JS6UEV,JD1BPQ
 ,2020-03-01,JJ1XHZ,JS2ISA,JQ3APT,JO4KMR,JJ5PYK,JE6WWW,JP7WOY,JM8PGY,JF9RQR,JJ0VLJ,JS6UEY,JD1BPQ
 ,2020-04-01,JJ1XUX,JS2IUT,JQ3AUM,JO4KOD,JJ5PZY,JE6WYM,JP7WTA,JM8PJV,JF9RQX,JJ0VMV,JS6UFF,JD1BPQ
 ,2020-05-01,JK1AFL,JS2IXM,JQ3AZC,JO4KPF,JJ5QBA,JE6XAW,JP7WVE,JM8PLN,JF9RRI,JJ0VND,JS6UFK,JD1BPQ
 ,2020-06-01,JK1ANN,JS2JAZ,JQ3BCT,JO4KPR,JJ5QBI,JE6XDJ,JP7WXK,JM8PNJ,JF9RSF,JJ0VNU,JS6UFQ,JD1BPR
 ,2020-07-01,JK1BBT,JS2JGM,JQ3BHN,JO4KQG,JJ5QBS,JE6XGB,JP7XAQ,JM8PRM,JF9RSR,JJ0VOW,JS6UGG,JD1BPS
 ,2020-08-01,JK1BPN,JS2JGM,JQ3BLH,JO4KRE,JJ5QDS,JE6XII,JP7XEV,JM8PTX,JF9RTU,JJ0VPT,JS6UGP,JD1BPS
 ,2020-09-01,JK1CJX,JS2JHR,JQ3BPG,JO4KTA,JJ5QFC,JE6XKN,JP7XHY,JM8PXC,JF9RUA,JJ0VQJ,JS6UGV,JD1BPU
 ,2020-10-01,JK1CSE,JS2JPK,JQ3BSV,JO4KUT,JJ5QFR,JE6XNE,JP7XJX,JM8PYW,JF9RUV,JJ0VRL,JS6UHC,JD1BPU
 ,2020-11-01,JK1DIN,JS2JUO,JQ3BYD,JO4KWV,JJ5QHM,JE6XRY,JP7XNM,JM8QAS,JF9RWH,JJ0VSM,JS6UHN,JD1BPW
 ,2020-12-01,JK1DUA,JS2JYO,JQ3CCZ,JO4KXZ,JJ5QIQ,JE6XVJ,JP7XSN,JM8QDU,JF9RWU,JJ0VTF,JS6UHY,JD1BQB
 ,2021-01-01,JK1EGV,JS2KEI,JQ3CHU,JO4KZT,JJ5QKU,JE6XYH,JP7XWA,JM8QIA,JF9RXV,JJ0VUO,JS6UIC,JD1BQH
 ,2021-02-01,JK1EVB,JS2KGN,JQ3CMQ,JO4LBV,JJ5QLV,JF6ABU,JQ7AAD,JM8QKO,JF9RYR,JJ0VVU,JS6UIM,JD1BQI
 ,2021-03-01,JK1FHV,JS2KLL,JQ3CSE,JO4LDG,JJ5QMN,JF6AFE,JQ7ACX,JM8QMX,JF9RZH,JJ0VWP,JS6UIT,JD1BQI
 ,2021-04-01,JK1FVN,JS2KQN,JQ3CYV,JO4LFT,JJ5QNK,JF6AKB,JQ7AIM,JM8QPC,JF9SAF,JJ0VYG,JS6UIZ,JD1BQJ
 ,2021-05-01,JK1GGQ,JS2KUW,JQ3DDW,JO4LHS,JJ5QOO,JF6ANQ,JQ7AMA,JM8QUR,JF9SBM,JJ0VYZ,JS6UJE,JD1BQJ
 ,2021-06-01,JK1GWF,JS2KZW,JQ3DHQ,JO4LJA,JJ5QQL,JF6AQC,JQ7APM,JM8QXO,JF9SCK,JJ0WAG,JS6UJS,JD1BQJ
 ,2021-07-01,JK1HLR,JS2LDM,JQ3DON,JO4LLH,JJ5QUD,JF6ATY,JQ7ARQ,JM8RAQ,JF9SDL,JJ0WBI,JS6UKA,JD1BQJ
 ,2021-08-01,JK1IDY,JS2LLX,JQ3DRP,JO4LNI,JJ5QVM,JF6AWV,JQ7AWE,JM8RCH,JF9SEE,JJ0WCD,JS6UKF,JD1BQJ
 ,2021-09-01,JK1INQ,JS2LLI,JQ3DUT,JO4LPI,JJ5QWU,JF6BAL,JQ7AYN,JM8RFV,JF9SEZ,JJ0WDC,JS6UKM,JD1BQJ
 ,2021-10-01,JK1JIP,JS2LNH,JQ3DZX,JO4LTB,JJ5QXP,JF6BFQ,JQ7BBG,JM8RIN,JF9SGG,JJ0WEX,JS6UKQ,JD1BQK
 ,2021-11-01,JK1JWH,JS2LUV,JQ3EFQ,JO4LVE,JJ5QZS,JF6BHO,JQ7BES,JM8RKY,JF9SHA,JJ0WGP,JS6ULA,JD1BQK
 ,2021-12-01,JK1KGQ,JS2MCI,JQ3ELH,JO4LWY,JJ5RBY,JF6BLA,JQ7BGY,      ,JF9SHS,JJ0WHE,JS6ULG,JD1BQK
 ,2022-01-01,JK1KVJ,JS2MIF,JQ3ERU,JO4LZL,JJ5RDL,JF6BPD,JQ7BJI,      ,JF9SIM,JJ0WIV,JS6ULQ,JD1BQK
 ,2022-02-01,JK1LLI,      ,JQ3EVW,JO4MAT,JJ5RFA,JF6BRD,JQ7BML,      ,JF9SJJ,JJ0WJR,JS6ULY,JD1BQK
 ,2022-03-01,JK1LYQ,      ,JQ3FAM,JO4MAT,JJ5RGR,JF6BTH,JQ7BOT,      ,JF9SJY,JJ0WKV,JS6ULZ,JD1BQL
